filename,label,label_4class,tonica,tonica_name,bII_energy,bVII_energy,f0_median_hz,f0_range_hz,f0_std_hz,pct_voiced,spec_centroid_mean,spec_centroid_std,spec_rolloff_mean,zcr_mean,rms_mean,rms_std,tempo_bpm,freq_tonica_pos10,freq_bII_pos3,harmonic_entropy_mean,chroma_rel_0,chroma_rel_1,chroma_rel_2,chroma_rel_3,chroma_rel_4,chroma_rel_5,chroma_rel_6,chroma_rel_7,chroma_rel_8,chroma_rel_9,chroma_rel_10,chroma_rel_11,ratio_mayor_menor,mfcc_1_mean,mfcc_1_std,mfcc_2_mean,mfcc_2_std,mfcc_3_mean,mfcc_3_std,mfcc_4_mean,mfcc_4_std,mfcc_5_mean,mfcc_5_std,mfcc_6_mean,mfcc_6_std,mfcc_7_mean,mfcc_7_std,mfcc_8_mean,mfcc_8_std,mfcc_9_mean,mfcc_9_std,mfcc_10_mean,mfcc_10_std,mfcc_11_mean,mfcc_11_std,mfcc_12_mean,mfcc_12_std,mfcc_13_mean,mfcc_13_std
001_FernandoTerremoto_Fandangos.mp3,fandangos,other,8,G#,0.09914667904376984,0.09705634415149689,237.15608026942812,488.57997525818695,132.54822591435638,0.714885409575675,2141.4149561264353,563.6372174953739,4469.356296401676,0.09513069362307125,0.07205457240343094,0.05487501248717308,112.34714673913044,0.188,0.0,1.947,0.15715382993221283,0.09914667904376984,0.06374513357877731,0.07732897251844406,0.0471857488155365,0.09109795838594437,0.08287926763296127,0.05408592149615288,0.08171668648719788,0.06981877982616425,0.09705634415149689,0.07878472656011581,0.6101949538290067,-222.29978942871094,86.3590087890625,80.95672607421875,28.1782169342041,-8.079340934753418,26.763607025146484,32.802276611328125,16.012802124023438,-0.47379669547080994,18.31939697265625,12.80112361907959,11.301069259643555,-3.714245557785034,11.558066368103027,-3.119225025177002,9.230445861816406,-14.826370239257812,9.464856147766113,-14.656682968139648,9.436413764953613,-9.675013542175293,11.533141136169434,-9.882323265075684,10.582304000854492,-15.525949478149414,9.831242561340332
002_ManuelSotoSordera_Fandangos.mp3,fandangos,other,5,F,0.09751614183187485,0.06486877799034119,241.30149553281768,428.47690993097444,111.59378013537275,0.6887078438802576,1386.1201778027537,424.276084220799,2589.8246137785973,0.06640541738703107,0.15535977482795715,0.06960335373878479,172.265625,0.214,0.069,2.152,0.11374995112419128,0.09751614183187485,0.08070042729377747,0.08337511867284775,0.10334095358848572,0.10048548877239227,0.05946938693523407,0.06113053485751152,0.06558629870414734,0.07870113104581833,0.06486877799034119,0.0910758450627327,1.2394699429931981,-165.04783630371094,72.15850067138672,132.4857635498047,27.435749053955078,-23.099111557006836,28.35870933532715,23.47882080078125,20.330408096313477,-6.758938789367676,23.356428146362305,12.980321884155273,13.436458587646484,0.8219901323318481,13.414904594421387,-4.661914348602295,11.213047981262207,-10.014143943786621,9.803744316101074,-4.526866436004639,10.021580696105957,-7.576547145843506,9.920757293701172,-3.190718412399292,9.037250518798828,-9.648122787475586,9.697307586669922
003_RafaelRomero_Fandangos.mp3,fandangos,other,6,F#,0.13066846132278442,0.07814089208841324,184.9972113558172,352.30414189307874,92.78132121421683,0.728808746272895,1548.8052169480188,490.7341860737177,2989.296553315349,0.06687290073033508,0.08956721425056458,0.05383019149303436,135.99917763157896,0.133,0.161,1.873,0.13990285992622375,0.13066846132278442,0.05765143781900406,0.07029765844345093,0.06397340446710587,0.12062303721904755,0.08659808337688446,0.05463426187634468,0.07577291131019592,0.05450153723359108,0.07814089208841324,0.06723544746637344,0.9100360649788579,-205.7400665283203,76.28153228759766,123.90790557861328,24.26222038269043,1.1144016981124878,24.181827545166016,11.252625465393066,16.54604721069336,-4.153236389160156,14.995484352111816,3.3475232124328613,9.940959930419922,3.7000555992126465,12.451904296875,-3.059596300125122,10.332275390625,-16.075700759887695,9.43514633178711,-12.398462295532227,9.390375137329102,-11.52527904510498,8.08265495300293,-0.11751479655504227,9.66938304901123,-4.745212554931641,7.968830108642578
004_ManuelSotoSordera_Fandangos.mp3,fandangos,other,3,D#,0.08395425975322723,0.06189538910984993,100.28947374140385,840.3795769211232,179.420850464387,0.7006769825918762,1766.0182597806102,701.8449514581224,3571.3202648052165,0.07975205323682302,0.06920061260461807,0.0473729707300663,143.5546875,0.345,0.0,1.719,0.15639261901378632,0.08395425975322723,0.07070028781890869,0.07079063355922699,0.09657009690999985,0.0640910193324089,0.09294913709163666,0.0899609699845314,0.04841342195868492,0.054648131132125854,0.06189538910984993,0.10963397473096848,1.3641648909555877,-237.3672637939453,105.84104919433594,107.67733764648438,37.2709846496582,-8.166871070861816,22.233943939208984,22.112966537475586,16.023189544677734,-5.803471088409424,25.87322425842285,18.41910743713379,12.314133644104004,4.40835428237915,15.426824569702148,5.666463375091553,11.129925727844238,-3.841717004776001,10.513684272766113,-2.7196428775787354,11.390287399291992,-3.6147665977478027,9.546317100524902,-2.7603657245635986,9.343008995056152,-8.822644233703613,10.232612609863281
005_Fosforito_Fandangos.mp3,fandangos,other,7,G,0.11894895136356354,0.09455814212560654,345.2170030745703,789.5417168900235,244.87788340184454,0.5952446399120396,1974.2149095089917,622.3104582874128,4186.734184948804,0.08209929799168499,0.09191218763589859,0.050801243633031845,135.99917763157896,0.355,0.188,1.777,0.15534210205078125,0.11894895136356354,0.05755418911576271,0.07375085353851318,0.050987280905246735,0.05463947355747223,0.05443896725773811,0.08025406301021576,0.08360257744789124,0.06390179693698883,0.09455814212560654,0.11202159523963928,0.6913449602128448,-194.19631958007812,86.5511245727539,95.4444351196289,31.558856964111328,2.3533060550689697,18.694137573242188,29.797149658203125,12.98448657989502,-13.737093925476074,22.74197769165039,15.910747528076172,10.622884750366211,1.0618771314620972,10.323638916015625,-6.351493835449219,10.423309326171875,-4.325906753540039,10.201553344726562,2.4023730754852295,12.063101768493652,-4.278504848480225,10.709117889404297,1.0659010410308838,10.017022132873535,-14.88589096069336,11.529913902282715
006_Camaron_Fandangos.mp3,fandangos,other,6,F#,0.09625423699617386,0.0848645344376564,277.1826309768721,700.6781043754394,127.00249573695959,0.7464269763287181,1570.5417003738264,555.4904983772035,3003.164142644421,0.06862058038954333,0.06501182913780212,0.05550535395741463,135.99917763157896,0.211,0.103,2.183,0.10505720227956772,0.09625423699617386,0.1045936644077301,0.10489709675312042,0.06302864104509354,0.06783866882324219,0.057125505059957504,0.0858147069811821,0.09630291163921356,0.058424778282642365,0.0848645344376564,0.07579799741506577,0.6008616348404189,-263.9637145996094,89.9163818359375,111.70243072509766,31.657583236694336,-9.900215148925781,29.547996520996094,20.07457160949707,22.00815773010254,-2.056114673614502,24.112327575683594,6.395843505859375,13.229669570922852,1.0564154386520386,11.662395477294922,-5.1203436851501465,10.15029239654541,-9.473816871643066,10.042359352111816,-0.010954366065561771,12.690098762512207,-10.142979621887207,11.394455909729004,-6.648823261260986,10.173967361450195,-0.8167186379432678,9.614859580993652
007_PacoToronjo_Fandangos.mp3,fandangos,other,1,C#,0.08964558690786362,0.05273085832595825,141.01384901128017,549.7003797136189,121.66487427555634,0.7151878062057703,1493.2209657417786,599.0649304234893,3016.6634389247074,0.05904673252925966,0.1279618740081787,0.08132704347372055,135.99917763157896,0.051,0.025,2.103,0.12827296555042267,0.08964558690786362,0.056122250854969025,0.07368746399879456,0.08884263783693314,0.09655803442001343,0.08517258614301682,0.1213781088590622,0.08459226787090302,0.04550878703594208,0.05273085832595825,0.07748846709728241,1.2056682780993317,-185.03424072265625,96.21336364746094,114.35740661621094,29.277751922607422,-0.27554619312286377,20.931194305419922,23.488882064819336,20.682910919189453,-5.069565773010254,16.097383499145508,-1.859131932258606,10.975384712219238,-4.964605808258057,11.641021728515625,-3.540790557861328,8.636417388916016,-11.831560134887695,9.852959632873535,-10.133586883544922,10.867218017578125,-16.38473129272461,8.795724868774414,-13.33000373840332,10.176088333129883,-16.267240524291992,9.812521934509277
008_PacoToronjo_Fandangos.mp3,fandangos,other,7,G,0.11914192885160446,0.07950947433710098,141.8307339283537,482.59144251273244,128.07396546570726,0.539974126778784,1692.3175174733772,767.0790679683582,3460.3620640210625,0.07265858718062743,0.1568707525730133,0.07816862314939499,143.5546875,0.514,0.114,1.727,0.1483573019504547,0.11914192885160446,0.07620635628700256,0.0622699111700058,0.06795793026685715,0.07844270020723343,0.05525768920779228,0.08125859498977661,0.08507432043552399,0.057658687233924866,0.07950947433710098,0.08886515349149704,1.0913445834429125,-134.37818908691406,102.91184997558594,115.5109634399414,38.3841552734375,-4.677733898162842,18.49514389038086,19.306001663208008,18.347877502441406,-11.789383888244629,16.346887588500977,5.694135665893555,9.879434585571289,0.5114355683326721,8.935857772827148,-5.672079086303711,12.005399703979492,-8.81027889251709,8.938056945800781,-2.705660820007324,9.794195175170898,-15.400993347167969,8.827131271362305,-17.311994552612305,9.659280776977539,-15.150432586669922,9.6461820602417
009_ChatoDeLaIsla_Fandangos.mp3,fandangos,other,7,G,0.09762024134397507,0.06857401877641678,234.43211035826653,746.2318590304768,143.19148078829068,0.6246992782678428,1579.3119185959465,530.0284994314728,3016.1611148005213,0.0767294632117081,0.1759948879480362,0.1123739555478096,151.99908088235293,0.241,0.167,2.082,0.10350894182920456,0.09762024134397507,0.07742171734571457,0.10343301296234131,0.08451671153306961,0.054813068360090256,0.07219520956277847,0.07355640828609467,0.09897279739379883,0.07493952661752701,0.06857401877641678,0.0904482901096344,0.8171154364790776,-147.78915405273438,90.01895904541016,114.40038299560547,31.032804489135742,-14.54697036743164,18.67832374572754,13.8712739944458,24.277109146118164,-1.396093726158142,17.723085403442383,10.100403785705566,10.90093994140625,0.2678193151950836,13.47287368774414,-5.1343607902526855,10.214728355407715,-17.308372497558594,10.32625961303711,-12.663339614868164,11.20848560333252,-9.92442512512207,9.187762260437012,-5.7540283203125,8.738286972045898,-8.535653114318848,10.325384140014648
010_ManoloCaracol_Fandangos.mp3,fandangos,other,9,A,0.07959235459566116,0.09909431636333466,225.1422562392905,601.5088979394255,95.8284986712469,0.7397303229852619,1818.1509169549663,824.5203405680803,3778.405290892521,0.07214596623647695,0.12259392440319061,0.08787831664085388,143.5546875,0.286,0.138,1.942,0.13372193276882172,0.07959235459566116,0.058425430208444595,0.08740177750587463,0.0677483081817627,0.07644816488027573,0.057712405920028687,0.10525709390640259,0.088946133852005,0.07512219250202179,0.09909431636333466,0.07052981853485107,0.7751365031129837,-191.25732421875,109.6807861328125,98.5540542602539,37.97335433959961,1.9921011924743652,22.243534088134766,13.918474197387695,17.03132438659668,2.598785877227783,18.526599884033203,13.493664741516113,11.773700714111328,-3.135875701904297,17.83664321899414,-3.24288272857666,10.923797607421875,-7.1942901611328125,10.633526802062988,-12.143671035766602,9.200661659240723,-10.500104904174805,11.782238006591797,-6.800648212432861,12.914347648620605,-8.413558006286621,9.479846954345703
011_AntonioMairena_TientosTangos.mp3,tientostangos,other,6,F#,0.08282988518476486,0.09034465253353119,128.565497341737,705.1159867120292,106.81641203204613,0.5610346832009301,1401.4873108863706,446.4000020419841,2721.237161921291,0.0661900665750339,0.131931334733963,0.0590212307870388,151.99908088235293,0.3,0.078,2.004,0.12156666070222855,0.08282988518476486,0.05914627015590668,0.07111108303070068,0.07539846748113632,0.10450855642557144,0.07946626842021942,0.06288733333349228,0.07342533022165298,0.07780037075281143,0.09034465253353119,0.10151514410972595,1.060291367642153,-168.0516357421875,68.6863784790039,132.4070281982422,23.83837127685547,-23.049100875854492,27.38042640686035,37.32523727416992,15.031973838806152,3.763570785522461,15.640030860900879,10.975322723388672,11.223642349243164,3.1633667945861816,12.358274459838867,2.164547920227051,11.000555038452148,-10.718210220336914,10.740142822265625,-5.603598117828369,9.439080238342285,-0.8825526237487793,11.04942512512207,-0.4799219071865082,9.15417766571045,-8.96678638458252,8.538455963134766
012_AurelioSelles_TientosTangos.mp3,tientostangos,other,8,G#,0.09758652746677399,0.06369733065366745,202.90956258890662,271.9258445021625,80.98796958079211,0.5864570737605804,1863.8186067134109,697.3938413957268,3770.0420559533704,0.07394617058393793,0.06966135650873184,0.03297397866845131,143.5546875,0.556,0.065,1.419,0.16256344318389893,0.09758652746677399,0.05852663516998291,0.08119099587202072,0.07477505505084991,0.07662311941385269,0.05442555248737335,0.09459760040044785,0.06506486237049103,0.04652468487620354,0.06369733065366745,0.12442420423030853,0.9209771877748107,-192.37808227539062,89.99901580810547,112.96913146972656,35.13963317871094,-6.058070182800293,19.717044830322266,20.257673263549805,16.267900466918945,5.418990612030029,14.253756523132324,4.1881937980651855,10.65113353729248,-5.095295429229736,10.575350761413574,2.9457905292510986,9.735811233520508,-17.884368896484375,10.610838890075684,-2.462782144546509,8.398384094238281,-10.280962944030762,7.539726257324219,-1.6569453477859497,7.158448696136475,-6.304774284362793,7.148528099060059
013_ManuelSotoSordera_TientosTangos.mp3,tientostangos,other,6,F#,0.12162812054157257,0.10771176964044571,154.66751207845843,770.0146751113072,122.63896195125902,0.5561673166628431,1326.7913908723187,342.83308554667764,2516.2528429864933,0.0660586991951518,0.14313741028308868,0.0563788041472435,161.4990234375,0.206,0.265,2.056,0.1217220351099968,0.12162812054157257,0.07740489393472672,0.06322795897722244,0.04491826519370079,0.08718812465667725,0.08159559965133667,0.05504005029797554,0.06594065576791763,0.07775134593248367,0.10771176964044571,0.09587126225233078,0.710417763285422,-151.4624481201172,64.31819915771484,148.05589294433594,21.220478057861328,-31.29789924621582,24.908597946166992,31.11435317993164,18.540639877319336,-11.706440925598145,16.51593780517578,9.824941635131836,9.636678695678711,-6.367620468139648,11.57583236694336,-4.916896820068359,11.396340370178223,-2.346052408218384,9.444778442382812,-3.3609061241149902,8.965432167053223,-6.825779438018799,8.234905242919922,-0.12530435621738434,8.482441902160645,-11.787343978881836,8.341119766235352
014_FernandoTerremoto_TientosTangos.mp3,tientostangos,other,8,G#,0.07545743882656097,0.11298301070928574,187.14677540918822,474.380596990007,124.3444283431484,0.6913611569199544,1482.626976123575,375.95330812799375,2931.865932450566,0.06829600931196879,0.11490712314844131,0.06847547739744186,92.28515625,0.348,0.167,1.791,0.16410763561725616,0.07545743882656097,0.06437086313962936,0.0775938481092453,0.049156997352838516,0.11940331757068634,0.07946110516786575,0.04726417735219002,0.06022502854466438,0.0704117864370346,0.11298301070928574,0.07956478744745255,0.6335166839983216,-189.231689453125,76.59000396728516,117.70624542236328,19.584247589111328,-18.331552505493164,26.728418350219727,37.23188781738281,15.04753589630127,4.508500576019287,15.791790008544922,10.164460182189941,10.515091896057129,-5.248017311096191,12.271611213684082,-3.7933855056762695,8.689273834228516,-14.854930877685547,8.891581535339355,-14.133784294128418,9.144218444824219,-10.72690486907959,9.148839950561523,-10.534601211547852,9.586052894592285,-16.79183578491211,9.09809398651123
015_LuisTorresJoselero_TientosTangos.mp3,tientostangos,other,7,G,0.09046196937561035,0.08057338744401932,191.5211239251473,347.50632721015324,80.30352820503494,0.5990266189908622,2414.864065296731,587.3333739598567,5397.955678728397,0.1032997104067342,0.09343384951353073,0.05737045407295227,89.10290948275862,0.379,0.069,1.784,0.11854759603738785,0.09046196937561035,0.07904967665672302,0.07926934212446213,0.08082540333271027,0.07425027340650558,0.0983705148100853,0.07336306571960449,0.05002041533589363,0.06329208612442017,0.08057338744401932,0.11197628080844879,1.0196300507427567,-140.2919464111328,72.446044921875,91.28251647949219,24.1158390045166,-0.5923539996147156,22.642942428588867,0.6904076933860779,12.824178695678711,-0.16593965888023376,15.511685371398926,-1.008406639099121,9.116331100463867,-11.427437782287598,10.244462966918945,-1.5232418775558472,9.324978828430176,-6.941158771514893,8.629348754882812,-2.3049564361572266,8.607531547546387,-5.068262577056885,7.837940692901611,1.0196800231933594,7.544785976409912,-8.977069854736328,7.62037467956543
016_DiegoClavel_TientosTangos.mp3,tientostangos,other,8,G#,0.0878642350435257,0.10261277854442596,316.5653876023804,834.7837382616046,128.63608261041728,0.38985707699400646,2462.802866107622,352.7694208319724,4345.617807475363,0.15030296399550483,0.13505436480045319,0.05590920150279999,172.265625,0.259,0.034,1.784,0.13663308322429657,0.0878642350435257,0.05565321817994118,0.05697594955563545,0.0548095777630806,0.0983874648809433,0.09126374870538712,0.05948956310749054,0.06269717216491699,0.07617894560098648,0.10261277854442596,0.11743427813053131,0.9619774341726511,-87.49876403808594,63.382240295410156,77.49789428710938,16.305442810058594,-40.2210578918457,19.761314392089844,46.368587493896484,12.71153450012207,-5.361548900604248,14.196664810180664,8.70244026184082,11.013303756713867,3.227771759033203,8.7214937210083,2.1545023918151855,11.20390796661377,-13.688061714172363,7.8727898597717285,3.698371171951294,9.752326011657715,-10.72472095489502,7.742908477783203,-4.649590969085693,7.519617557525635,-10.16040325164795,8.592698097229004
017_ManuelSotoSorder_TientosTangos.mp3,tientostangos,other,7,G,0.11984198540449142,0.08557750284671783,304.0208335929107,727.6940157723809,118.91961238997688,0.5436564736499675,1753.973487520068,350.30182730439117,3282.4503141265454,0.08961654196486663,0.1216621845960617,0.07187991589307785,92.28515625,0.261,0.174,1.85,0.12596796452999115,0.11984198540449142,0.08172043412923813,0.0565791018307209,0.07309284061193466,0.08102976530790329,0.053138766437768936,0.058060817420482635,0.06601551920175552,0.07796787470579147,0.08557750284671783,0.12100742012262344,1.2918699351329619,-143.8521728515625,66.03062438964844,117.0640869140625,20.599851608276367,-41.94032669067383,25.112869262695312,28.22648811340332,15.104928016662598,-2.154979944229126,16.573158264160156,10.002897262573242,11.038211822509766,-2.358226776123047,11.553013801574707,2.007669687271118,11.165360450744629,-9.932902336120605,9.426438331604004,0.07531272619962692,8.963973045349121,-4.453487873077393,8.326141357421875,-2.9930851459503174,7.664207458496094,-9.69925594329834,7.72766637802124
018_GabrielMoreno_TientosTangos.mp3,tientostangos,other,7,G,0.12156783789396286,0.1173611432313919,198.27510177438265,770.0146751113072,126.2027886120473,0.7542206883686223,1389.890988825755,492.4431918836396,2627.2064405394494,0.06383317496035817,0.052003126591444016,0.04090825840830803,103.359375,0.2,0.114,1.764,0.1408962458372116,0.12156783789396286,0.06693976372480392,0.04862383380532265,0.04082537814974785,0.09718618541955948,0.08910807967185974,0.058886975049972534,0.06212499737739563,0.07783091068267822,0.1173611432313919,0.07864871621131897,0.839616602697397,-286.05548095703125,89.74446105957031,121.07232666015625,26.05609893798828,-7.413393020629883,25.886234283447266,16.736225128173828,15.844010353088379,3.0787277221679688,17.57628631591797,10.013587951660156,10.382107734680176,8.701501846313477,11.105077743530273,-4.5861358642578125,7.993412971496582,-13.55081558227539,8.55882740020752,-7.617731094360352,11.19600772857666,-7.3090500831604,11.95927619934082,-5.771745204925537,8.657445907592773,-5.640472412109375,8.326376914978027
019_Fosforito_TientosTangos.mp3,tientostangos,other,6,F#,0.12059305608272552,0.10167677700519562,183.93170582347207,727.6940157723809,148.82302967748805,0.6429756284292459,1818.0615886254475,735.6095253918304,3888.36838923137,0.07610994421494194,0.057582613080739975,0.03592386841773987,135.99917763157896,0.182,0.147,1.932,0.12929928302764893,0.12059305608272552,0.0571611262857914,0.05078400671482086,0.050659164786338806,0.10304657369852066,0.09220437705516815,0.061085958033800125,0.06709055602550507,0.07516635954380035,0.10167677700519562,0.0912327840924263,0.9975417077824696,-253.4443359375,98.64208221435547,103.60651397705078,34.70335388183594,6.878549575805664,20.120033264160156,27.39830207824707,14.179437637329102,-4.658783912658691,23.329124450683594,12.744301795959473,11.384198188781738,-0.3442084789276123,10.678483009338379,-2.951016426086426,11.32714557647705,-10.09683609008789,9.422294616699219,-2.1925575733184814,11.189763069152832,-5.100521564483643,10.729804992675781,1.3369032144546509,10.9857177734375,-5.245850086212158,9.062542915344238
020_Camaron_TientosTangos.mp3,tientostangos,other,7,G,0.08459518849849701,0.08802654594182968,221.27444703492776,896.7062529015354,148.6533152171689,0.42042918454935624,1985.2492732892092,511.74946372099754,3923.8985674289165,0.0830382410139485,0.17408794164657593,0.07428046315908432,95.703125,0.133,0.062,1.577,0.13203281164169312,0.08459518849849701,0.10030347853899002,0.0917438492178917,0.053992241621017456,0.042835768312215805,0.056608449667692184,0.09357691556215286,0.06848321855068207,0.06687498837709427,0.08802654594182968,0.12092652916908264,0.5885107511979997,-95.49588012695312,83.03207397460938,97.79549407958984,23.598604202270508,-21.63666534423828,21.877901077270508,8.476703643798828,14.472370147705078,2.111213445663452,14.59482192993164,-4.654616355895996,9.375171661376953,-7.04146146774292,8.74608325958252,-4.635183811187744,9.87944221496582,-11.651790618896484,8.13525390625,-6.765061855316162,9.254878997802734,-9.42780590057373,8.084932327270508,-14.978889465332031,9.00380802154541,-21.576784133911133,9.925252914428711
021_JuanTalega_Soleares.mp3,soleares,soleares,7,G,0.08207140862941742,0.07534818351268768,205.2672581380976,597.6677485236637,93.9980204730453,0.6538139145012574,1680.8062912148057,294.6691350646928,3204.551554805375,0.08379783037044798,0.07645353674888611,0.04110405594110489,143.5546875,0.367,0.184,2.024,0.14944063127040863,0.08207140862941742,0.06683626770973206,0.07546340674161911,0.0836939886212349,0.08184508234262466,0.05363597348332405,0.098900206387043,0.07631617039442062,0.06193571910262108,0.07534818351268768,0.09451302140951157,1.1090671921000952,-184.11936950683594,59.631473541259766,121.02085876464844,18.658220291137695,-25.201095581054688,28.254127502441406,15.726487159729004,14.269116401672363,-8.389471054077148,15.754019737243652,6.335984230041504,10.620607376098633,-8.134000778198242,13.143695831298828,1.5275377035140991,10.65988540649414,-8.299141883850098,8.719037055969238,-1.735889196395874,8.241194725036621,-6.3594770431518555,10.95606517791748,-4.567384719848633,8.038618087768555,-3.362473249435425,8.669190406799316
022_TioGregorioBorrico_Soleares.mp3,soleares,soleares,8,G#,0.08918240666389465,0.09089916944503784,219.99999999999997,567.7243838796111,108.51767864753488,0.5660316952137026,1658.0312378849778,411.79826292668656,3120.037731392318,0.06945146170161677,0.12572188675403595,0.0674559473991394,123.046875,0.32,0.2,2.03,0.11638291925191879,0.08918240666389465,0.0747968927025795,0.07718269526958466,0.06917034089565277,0.08139796555042267,0.06758241355419159,0.10863665491342545,0.07174696773290634,0.061231330037117004,0.09089916944503784,0.09179017692804337,0.8961897567071707,-150.43246459960938,62.286895751953125,122.91792297363281,21.233348846435547,-11.10932731628418,23.067113876342773,2.2264528274536133,16.997570037841797,-3.8021090030670166,17.6699275970459,-6.833019256591797,13.280572891235352,-7.999223232269287,10.785572052001953,-6.488145351409912,12.76384162902832,-13.362383842468262,9.485773086547852,-2.491858720779419,9.075220108032227,-13.055774688720703,8.500846862792969,-2.9157607555389404,10.13648796081543,-8.091241836547852,7.971460819244385
023_PerrateDeUtrera_Soleares.mp3,soleares,soleares,7,G,0.09095484018325806,0.08534223586320877,251.2581146483697,750.9336315832026,106.93777594365443,0.5607280364018201,1736.307823184618,355.53153714581407,3413.756345776273,0.08370938566459572,0.08783940225839615,0.053158778697252274,135.99917763157896,0.243,0.237,1.895,0.1406669020652771,0.09095484018325806,0.06058453023433685,0.07497337460517883,0.07835880666971207,0.07084038853645325,0.04779491573572159,0.10428984463214874,0.0877625122666359,0.062232572585344315,0.08534223586320877,0.09619906544685364,1.0451551245006836,-178.95135498046875,59.06617736816406,114.43669128417969,21.58487892150879,-23.016733169555664,28.649974822998047,22.716861724853516,14.989355087280273,-9.524252891540527,18.092777252197266,7.060275554656982,10.668034553527832,-3.4170641899108887,11.388062477111816,-3.7060232162475586,13.008339881896973,-6.45621919631958,8.946829795837402,-4.670543670654297,9.063517570495605,-10.678353309631348,10.141080856323242,-2.105222702026367,8.331201553344727,-9.738847732543945,9.139030456542969
024_LuisTorresJoselero_Soleares.mp3,soleares,soleares,7,G,0.11714468151330948,0.06539058685302734,201.74088950502764,700.6781043754394,86.8193924400037,0.7930688935281838,1431.6078265608294,320.6388503335863,2493.1493223186326,0.06937842510438413,0.10869462788105011,0.07280612736940384,123.046875,0.426,0.104,1.691,0.16028407216072083,0.11714468151330948,0.06727494299411774,0.06929418444633484,0.08185920119285583,0.07490427792072296,0.052944596856832504,0.09147295355796814,0.08063097298145294,0.05626697465777397,0.06539058685302734,0.08253248780965805,1.1813285897931596,-192.02777099609375,72.2935791015625,135.17874145507812,21.414445877075195,-20.022430419921875,32.05842208862305,7.8551554679870605,14.20482063293457,-6.722071170806885,18.48246955871582,-4.014540195465088,10.517735481262207,-14.606922149658203,13.307900428771973,-5.724936008453369,9.278817176818848,-9.495391845703125,8.74822998046875,-7.014096260070801,9.071343421936035,-4.367495536804199,9.026823997497559,-2.8573813438415527,8.95488166809082,-8.225789070129395,8.057188987731934
025_SantiagoDanday_Soleares.mp3,soleares,soleares,5,F,0.08540268987417221,0.07849950343370438,238.52991146631203,718.584480638349,105.79391194415722,0.6353041259038706,1619.2322479407687,367.2975605753762,3282.5531750950395,0.05857597166099532,0.10183338075876236,0.08277416974306107,123.046875,0.304,0.064,2.149,0.12094555795192719,0.08540268987417221,0.08687857538461685,0.08206138014793396,0.07993307709693909,0.08950913697481155,0.0632290169596672,0.05994445085525513,0.0721752792596817,0.07071348279714584,0.07849950343370438,0.11070781946182251,0.9740644984625151,-205.01773071289062,74.51115417480469,117.6104965209961,19.8665828704834,11.055220603942871,28.138338088989258,7.613330841064453,17.871597290039062,1.1398508548736572,16.396881103515625,-0.08899503946304321,10.211132049560547,-12.661892890930176,13.393733024597168,-0.08837240189313889,9.375481605529785,-9.182577133178711,8.756566047668457,-4.663814067840576,9.563328742980957,-3.8344388008117676,10.889228820800781,-1.4433568716049194,7.714049816131592,-10.588699340820312,8.311574935913086
026_FernandoTerremoto_Soleares.mp3,soleares,soleares,8,G#,0.07178299129009247,0.10035015642642975,269.2917795270241,699.1493024487065,122.7363493225433,0.66,2027.6767557286234,540.5124322227543,4190.646004369703,0.09132080078125,0.08360838890075684,0.05976070091128349,117.45383522727273,0.244,0.133,2.183,0.12570592761039734,0.07178299129009247,0.06139406934380531,0.06930682808160782,0.08024463802576065,0.1251804530620575,0.07662380486726761,0.04797520861029625,0.06326524913311005,0.08328035473823547,0.10035015642642975,0.09489024430513382,1.157817205705529,-204.40415954589844,86.72325134277344,88.08088684082031,28.503034591674805,-11.087546348571777,27.044382095336914,34.926673889160156,16.381704330444336,0.29595768451690674,15.90527629852295,11.195523262023926,11.977302551269531,-10.143715858459473,12.365153312683105,-1.5306190252304077,10.203262329101562,-13.676207542419434,9.586365699768066,-14.596391677856445,9.842741966247559,-10.742115020751953,11.54619026184082,-12.924731254577637,10.189353942871094,-14.588892936706543,9.75829029083252
027_ManuelSotoSordero_Soleares.mp3,soleares,soleares,7,G,0.09059228003025055,0.07073254883289337,291.9733833144849,774.8542201160167,121.89155748183069,0.5866188769414575,2134.7666309971446,482.324267172342,4166.941966016594,0.10418210355206323,0.1550568789243698,0.07692251354455948,143.5546875,0.28,0.078,2.104,0.12979689240455627,0.09059228003025055,0.0752253457903862,0.06298811733722687,0.08049213886260986,0.09160655736923218,0.06603360921144485,0.06924989074468613,0.07543837279081345,0.07864394783973694,0.07073254883289337,0.10920032858848572,1.277894026133051,-115.04026794433594,80.05799865722656,88.53524780273438,25.682193756103516,-27.776290893554688,31.43513298034668,28.7856502532959,21.72641372680664,-1.793280005455017,24.456134796142578,10.193449020385742,12.237714767456055,-6.285700798034668,15.21903133392334,-1.1377716064453125,11.315781593322754,-8.518403053283691,9.869515419006348,-3.6134417057037354,12.249509811401367,-7.2934489250183105,9.942413330078125,-1.8461734056472778,8.322844505310059,-9.886751174926758,9.593696594238281
028_TiaAnicaLaPirinaca_Soleares.mp3,soleares,soleares,7,G,0.10202774405479431,0.10012635588645935,277.1826309768721,460.87590223930795,132.0105307099779,0.5565309666216477,1684.0628836969395,345.63455657534547,3116.082578788226,0.08065741139904495,0.1296030431985855,0.06084826588630676,143.5546875,0.208,0.061,1.856,0.15659116208553314,0.10202774405479431,0.05258093774318695,0.05589720979332924,0.051302965730428696,0.07943195104598999,0.10451790690422058,0.0676327720284462,0.060428187251091,0.07858125120401382,0.10012635588645935,0.09088153392076492,0.9178090627441512,-138.49583435058594,66.18191528320312,120.27375793457031,18.715667724609375,-19.012544631958008,28.627788543701172,11.81718921661377,15.398791313171387,-4.6670403480529785,14.112621307373047,3.239788293838501,10.698884010314941,-15.896045684814453,13.095880508422852,2.261641025543213,9.216358184814453,-13.354652404785156,9.207236289978027,-6.12302303314209,8.3628568649292,-3.1938986778259277,9.202624320983887,-7.894429683685303,8.836036682128906,-13.927358627319336,9.797811508178711
029_JoseMenese_Soleares.mp3,soleares,soleares,11,B,0.09074696153402328,0.05809912830591202,249.81097439559304,789.5417168900235,146.5452989185313,0.7459764829534258,1893.9656554497758,426.2371159173789,3832.9172288385585,0.08722839976926361,0.11459839344024658,0.08462102711200714,143.5546875,0.129,0.114,2.033,0.13707475364208221,0.09074696153402328,0.05563468113541603,0.06324585527181625,0.06362827122211456,0.09079845994710922,0.06508850306272507,0.1251475065946579,0.12844447791576385,0.057763826102018356,0.05809912830591202,0.06432759761810303,1.0060464982037918,-173.06385803222656,80.84518432617188,102.5375747680664,21.810503005981445,-13.707316398620605,24.047269821166992,7.424743175506592,15.817087173461914,-7.6306681632995605,20.140249252319336,11.679940223693848,9.206698417663574,-4.468067646026611,13.151335716247559,-5.012744903564453,10.099291801452637,-11.222023963928223,10.204157829284668,-8.123824119567871,11.887656211853027,-8.421298027038574,10.794448852539062,0.13758493959903717,8.412786483764648,-4.567426681518555,10.099021911621094
030_AntonioMairena_Soleares.mp3,soleares,soleares,1,C#,0.09137341380119324,0.051615748554468155,270.8517709358815,687.5172312755401,140.4992279157947,0.751411202778984,2329.379544141933,803.5770882165288,4973.314390791224,0.09852563656779201,0.03792465105652809,0.027116922661662102,112.34714673913044,0.25,0.176,1.734,0.1348854899406433,0.09137341380119324,0.06287479400634766,0.09475191682577133,0.12341220676898956,0.10045655816793442,0.06798677891492844,0.08063546568155289,0.05670209974050522,0.04482446610927582,0.051615748554468155,0.09048102796077728,1.3024771519495317,-282.8767395019531,115.5147705078125,82.55738067626953,34.252445220947266,-7.274256706237793,20.050336837768555,7.239270210266113,14.795181274414062,-1.1244385242462158,17.519855499267578,8.547688484191895,8.978501319885254,0.6426196694374084,11.415417671203613,5.580179691314697,9.254839897155762,-10.528481483459473,10.466574668884277,-0.4263099133968353,10.147383689880371,-4.5596699714660645,10.877918243408203,-4.373257637023926,10.669054985046387,-14.27712631225586,10.159215927124023
031_ManuelAgujetas_Seguiriyas.mp3,seguiriyas,seguiriyas,9,A,0.051177747547626495,0.08255458623170853,136.21039964151845,748.234823087593,142.36123618930472,0.6740152851263962,1345.9300773068715,480.58948140475445,2673.900689019097,0.058016122754078484,0.11476385593414307,0.06127316132187843,112.34714673913044,0.167,0.0,1.923,0.11804904788732529,0.051177747547626495,0.10392472892999649,0.04332590475678444,0.06397490948438644,0.09567378461360931,0.05527602136135101,0.09956828504800797,0.0664714127779007,0.10769304633140564,0.08255458623170853,0.11231057345867157,1.4765971961466902,-205.35386657714844,92.27047729492188,129.54815673828125,26.166215896606445,3.97874116897583,30.7054386138916,38.708457946777344,24.837200164794922,-3.5714144706726074,25.145328521728516,10.342336654663086,11.428976058959961,-0.9558437466621399,12.323466300964355,-7.568474769592285,9.672147750854492,-5.945042133331299,10.72563648223877,-4.6722612380981445,9.859951972961426,-5.072614669799805,10.168787956237793,-0.6804147362709045,9.610027313232422,-2.5940780639648438,11.451424598693848
032_FernandoTerremoto_Seguiriyas.mp3,seguiriyas,seguiriyas,1,C#,0.08401286602020264,0.06109016016125679,242.6993408760242,687.1383359051326,120.53852750785519,0.6985160258178408,1544.1028559429876,451.1498822020433,3081.421917990946,0.0679790290381751,0.08326753228902817,0.060943491756916046,89.10290948275862,0.308,0.077,2.055,0.13001856207847595,0.08401286602020264,0.05438942462205887,0.0704244077205658,0.08027548342943192,0.098910391330719,0.09290670603513718,0.12443529814481735,0.06475085765123367,0.058362480252981186,0.06109016016125679,0.08042332530021667,1.1398815556668054,-233.88279724121094,86.32955932617188,109.97474670410156,24.833297729492188,-12.355137825012207,29.991416931152344,31.601022720336914,17.90155029296875,4.335729122161865,17.791828155517578,11.361479759216309,12.251867294311523,-7.744871139526367,12.601424217224121,-4.897378921508789,9.699197769165039,-11.442381858825684,9.995948791503906,-15.312060356140137,10.4913330078125,-6.763751029968262,11.017638206481934,-9.062784194946289,10.81454849243164,-12.04410457611084,9.75755500793457
033_ManuelAgujetas_Seguiriyas.mp3,seguiriyas,seguiriyas,6,F#,0.09962768107652664,0.09422127157449722,126.35681904967383,835.1626336320122,134.81687074801542,0.7647505697644973,1463.7755761162439,489.3900153119104,3023.7601068901936,0.058172526536253905,0.07496830821037292,0.05220644176006317,107.666015625,0.225,0.122,1.894,0.132130429148674,0.09962768107652664,0.06848428398370743,0.0708625540137291,0.059758394956588745,0.12175247073173523,0.09662847220897675,0.06607794761657715,0.05841315537691116,0.06366724520921707,0.09422127157449722,0.06837601959705353,0.843300044548366,-254.04820251464844,98.12140655517578,116.14046478271484,24.13675880432129,7.809399127960205,34.20417785644531,35.63533401489258,21.876270294189453,2.852933168411255,20.81459617614746,9.267095565795898,13.592277526855469,0.34449827671051025,11.44453239440918,-3.370120048522949,10.570052146911621,-2.342820882797241,9.041728973388672,-4.631101131439209,9.866642951965332,-7.656396389007568,8.500404357910156,-0.556827962398529,9.95901107788086,-3.630974531173706,9.677105903625488
034_JoseMenese_Seguiriyas.mp3,seguiriyas,seguiriyas,7,G,0.07069311290979385,0.10508125275373459,138.59131548843604,779.7218003197341,136.43172219815156,0.7715874276636786,1491.8909815609645,412.8871326075918,2743.2575107662333,0.0732035981557784,0.11847755312919617,0.05996176227927208,89.10290948275862,0.412,0.039,1.906,0.17236298322677612,0.07069311290979385,0.04217284917831421,0.057744044810533524,0.05555082857608795,0.13145318627357483,0.08393530547618866,0.06738743185997009,0.05648054555058479,0.0771050900220871,0.10508125275373459,0.08003336936235428,0.9620183130287837,-182.57382202148438,79.05018615722656,129.15164184570312,26.517332077026367,-11.134743690490723,26.712064743041992,14.193248748779297,16.3004093170166,2.970553159713745,17.334623336791992,2.7267913818359375,9.896283149719238,9.895191192626953,11.80921745300293,-1.4008699655532837,9.614665985107422,-6.6320366859436035,8.395553588867188,-7.429922103881836,10.453227996826172,-6.672041893005371,9.48768138885498,2.6379013061523438,9.26911735534668,0.5862374901771545,9.761685371398926
035_DiegoClavel_Seguiriyas.mp3,seguiriyas,seguiriyas,7,G,0.11168785393238068,0.0748121365904808,211.28204791122093,799.4757353946712,131.80204834200424,0.7177168000977816,1617.3132762683442,466.6306712919293,3094.9100536581195,0.0825786454195441,0.13579118251800537,0.06406163424253464,103.359375,0.185,0.111,2.063,0.12633474171161652,0.11168785393238068,0.08079562336206436,0.04393908008933067,0.05356615409255028,0.049723558127880096,0.10946930199861526,0.1141064316034317,0.060118142515420914,0.06272085756063461,0.0748121365904808,0.11272619664669037,1.2191004905803038,-169.1034698486328,81.57087707519531,117.51587677001953,24.75444793701172,-31.44532585144043,29.185699462890625,42.80666732788086,18.142393112182617,-0.3693983256816864,24.44278907775879,7.190392971038818,14.986539840698242,10.51620864868164,11.281233787536621,-0.8283214569091797,13.994450569152832,-12.262632369995117,9.819247245788574,1.4739699363708496,14.252537727355957,-7.423442840576172,10.092074394226074,-5.515795707702637,9.419814109802246,-8.642599105834961,10.983686447143555
036_JuanTalega_Seguiriyas.mp3,seguiriyas,seguiriyas,8,G#,0.09759644418954849,0.07832556217908859,213.73702705379327,819.6913968145614,109.82575544448034,0.6740924753586025,2347.154284218367,463.25256501499166,4985.96236599362,0.10682771274491146,0.08799523115158081,0.048307549208402634,112.34714673913044,0.333,0.111,2.032,0.1201457530260086,0.09759644418954849,0.06312275677919388,0.07803603261709213,0.08532661944627762,0.07533193379640579,0.05940907448530197,0.0904141217470169,0.08686463534832001,0.06856714189052582,0.07832556217908859,0.09686001390218735,1.093425903197296,-148.65452575683594,67.67550659179688,86.62206268310547,21.74647331237793,-9.6754150390625,28.77130126953125,18.614665985107422,16.258769989013672,-4.906842231750488,15.18881607055664,2.3912665843963623,10.715578079223633,-8.668704986572266,12.30275821685791,1.534130334854126,11.415898323059082,-7.934514999389648,8.942604064941406,-1.4360984563827515,9.094974517822266,-3.805600881576538,12.721847534179688,-3.713646411895752,9.962618827819824,-2.5475411415100098,9.328985214233398
037_TomasTorre_Seguiriyas.mp3,seguiriyas,seguiriyas,8,G#,0.086093008518219,0.0813768208026886,206.4563592676515,273.87999026459727,68.9656883365941,0.6717434869739479,2437.775953670484,537.8673683289402,5283.174777288953,0.10574718074541942,0.0751316100358963,0.05103341490030289,103.359375,0.414,0.069,1.978,0.13904418051242828,0.086093008518219,0.06504921615123749,0.0647914856672287,0.07780561596155167,0.07293630391359329,0.05592627078294754,0.11146461218595505,0.08438371121883392,0.07052108645439148,0.0813768208026886,0.09060773998498917,1.2008617360800151,-179.2222900390625,78.46100616455078,78.70687103271484,24.91607666015625,-3.3026163578033447,29.302824020385742,25.19166374206543,20.774921417236328,6.2534966468811035,18.307180404663086,2.744886636734009,13.382637023925781,-5.28848934173584,14.131773948669434,4.690766334533691,9.274900436401367,-11.23294734954834,9.287363052368164,-5.8338303565979,9.277848243713379,-4.567326068878174,9.745733261108398,-2.219022750854492,8.39569091796875,-4.483593940734863,7.735567569732666
038_TiaAnicaLaPirinaca_Seguiriyas.mp3,seguiriyas,seguiriyas,8,G#,0.05489671975374222,0.1003878191113472,181.8190699939266,809.525181634292,127.33245017387698,0.6255065045851994,1791.948916252432,382.4515926155318,3379.8598745276513,0.08707966055029058,0.1059829369187355,0.059937309473752975,107.666015625,0.219,0.015,2.064,0.1310950517654419,0.05489671975374222,0.044109269976615906,0.05006156861782074,0.07492255419492722,0.11373642086982727,0.08734159916639328,0.06130588427186012,0.07761326432228088,0.09393489360809326,0.1003878191113472,0.11059495806694031,1.4966082019303037,-162.3161163330078,75.53006744384766,111.06852722167969,21.210567474365234,-17.47088050842285,32.81794357299805,20.398014068603516,18.980823516845703,3.8225014209747314,15.052931785583496,4.901093482971191,11.241559982299805,-7.973011016845703,13.064383506774902,6.756216526031494,9.593379020690918,-11.002716064453125,9.385211944580078,-3.5751938819885254,8.758846282958984,1.1823854446411133,9.84842586517334,-4.595057964324951,9.575148582458496,-11.407831192016602,10.074539184570312
039_AntonioMairena_Seguiriyas.mp3,seguiriyas,seguiriyas,1,C#,0.09137341380119324,0.051615748554468155,270.8517709358815,687.5172312755401,140.4992279157947,0.751411202778984,2329.379544141933,803.5770882165288,4973.314390791224,0.09852563656779201,0.03792465105652809,0.027116922661662102,112.34714673913044,0.25,0.176,1.734,0.1348854899406433,0.09137341380119324,0.06287479400634766,0.09475191682577133,0.12341220676898956,0.10045655816793442,0.06798677891492844,0.08063546568155289,0.05670209974050522,0.04482446610927582,0.051615748554468155,0.09048102796077728,1.3024771519495317,-282.8767395019531,115.5147705078125,82.55738067626953,34.252445220947266,-7.274256706237793,20.050336837768555,7.239270210266113,14.795181274414062,-1.1244385242462158,17.519855499267578,8.547688484191895,8.978501319885254,0.6426196694374084,11.415417671203613,5.580179691314697,9.254839897155762,-10.528481483459473,10.466574668884277,-0.4263099133968353,10.147383689880371,-4.5596699714660645,10.877918243408203,-4.373257637023926,10.669054985046387,-14.27712631225586,10.159215927124023
040_AurelioSelles_Seguiriyas.mp3,seguiriyas,seguiriyas,0,C,0.09896882623434067,0.051486868411302567,169.64319079487348,560.4522566816541,103.64027660452692,0.7723863320677841,2037.4144350991862,647.6811803373914,4252.751785194954,0.08629565129005,0.03861790522933006,0.03333489969372749,107.666015625,0.333,0.135,1.822,0.16259241104125977,0.09896882623434067,0.05338019132614136,0.06038586050271988,0.057524316012859344,0.10003885626792908,0.05773213133215904,0.1296221911907196,0.11208115518093109,0.050556816160678864,0.051486868411302567,0.06563033908605576,0.9526123422596313,-285.8369445800781,116.84436798095703,95.00741577148438,28.50335121154785,-3.8385322093963623,25.86674690246582,16.65972328186035,14.533177375793457,8.554547309875488,16.410554885864258,5.896235942840576,12.394018173217773,-0.9161163568496704,13.645323753356934,2.0226449966430664,10.058695793151855,-16.93714714050293,11.631047248840332,-1.9069390296936035,8.882610321044922,-8.448699951171875,9.887840270996094,-1.0107783079147339,7.825581073760986,-0.24563248455524445,7.158265590667725
041_ElLebrijano_Alegrias.mp3,alegrias,alegrias,6,F#,0.09815147519111633,0.07475331425666809,312.9293240034019,789.5417168900235,111.85109945641034,0.47818593127221803,1420.397991992689,384.00671954609015,2792.254267187837,0.07572130759856727,0.18091630935668945,0.06568837910890579,143.5546875,0.488,0.045,1.578,0.13810314238071442,0.09815147519111633,0.09368210285902023,0.07007211446762085,0.06608206033706665,0.07826881110668182,0.0572110116481781,0.08898559957742691,0.062196049839258194,0.062429413199424744,0.07475331425666809,0.11006505787372589,0.9430578888496659,-123.90670776367188,55.673702239990234,152.27432250976562,20.729663848876953,-52.698089599609375,24.912324905395508,44.953826904296875,14.968649864196777,-14.497727394104004,19.689085006713867,12.268078804016113,11.167472839355469,3.4735233783721924,10.135157585144043,-4.0031352043151855,9.554763793945312,-7.004249095916748,8.924670219421387,-9.64339542388916,8.333266258239746,-5.956372261047363,9.606000900268555,-5.961607456207275,7.90062952041626,-10.913188934326172,8.005461692810059
042_AntonioMairena_Alegrias.mp3,alegrias,alegrias,6,F#,0.09376733750104904,0.07594809681177139,106.252996181733,727.6940157723809,127.29914758801009,0.530985737725609,1518.8569676715447,365.5597467948001,2920.207961406368,0.07492910893324814,0.0858883485198021,0.03930637612938881,161.4990234375,0.268,0.11,2.003,0.10722627490758896,0.09376733750104904,0.10104521363973618,0.06805635243654251,0.07238083332777023,0.0559038408100605,0.06669587641954422,0.09403430670499802,0.06319360435009003,0.10443215817213058,0.07594809681177139,0.09731614589691162,1.0635426486492936,-187.71572875976562,69.55851745605469,126.8147964477539,19.45321273803711,-27.305274963378906,24.857481002807617,37.080650329589844,15.886110305786133,10.037447929382324,15.911853790283203,13.914717674255371,11.556334495544434,-0.2307736873626709,11.81313419342041,-1.4245249032974243,9.094898223876953,-10.995481491088867,9.68608283996582,-8.911498069763184,9.45424747467041,-3.584977865219116,8.653867721557617,0.5810030698776245,9.186233520507812,-6.528201580047607,9.221649169921875
043_ElBeniDeCadiz_Alegrias.mp3,alegrias,alegrias,9,A,0.049134962260723114,0.08077079802751541,98.56656061031477,764.824108464333,138.68957042061487,0.4604918890633176,1218.6065562634305,342.02534874829405,2389.417912409856,0.0612129279295853,0.10873331874608994,0.04224869981408119,172.265625,0.167,0.0,1.777,0.12550903856754303,0.049134962260723114,0.04988043010234833,0.053886495530605316,0.09571006149053574,0.10113525390625,0.06641913950443268,0.11763633787631989,0.10518813878297806,0.08986618369817734,0.08077079802751541,0.06486304104328156,1.7761418802263056,-182.1643829345703,62.16153335571289,157.2062225341797,19.298765182495117,-25.455564498901367,21.00839614868164,36.78983688354492,16.209930419921875,-6.574466228485107,17.051651000976562,11.737939834594727,9.690461158752441,9.785563468933105,11.29964828491211,-8.534937858581543,11.964254379272461,-10.654678344726562,9.618562698364258,-6.928079605102539,9.566801071166992,-0.6300482749938965,9.647754669189453,4.1872334480285645,7.7997236251831055,-2.246372699737549,8.919580459594727
044_ManuelSotoSordera_Alegrias.mp3,alegrias,alegrias,7,G,0.10800030082464218,0.09828604012727737,318.3992322368831,760.4190457454562,157.54808760050807,0.4214970333181196,1787.647023832445,427.4830145333529,3325.268086686302,0.09639476391345277,0.18361088633537292,0.07652521878480911,161.4990234375,0.136,0.182,1.958,0.1255691796541214,0.10800030082464218,0.10411696881055832,0.0915946513414383,0.05659082159399986,0.054105713963508606,0.05658353865146637,0.0749480202794075,0.07863674312829971,0.0749366506934166,0.09828604012727737,0.0766313299536705,0.6178398057660124,-106.7305908203125,86.7457046508789,115.92269897460938,23.756311416625977,-50.186614990234375,31.60591697692871,36.57175064086914,19.53804588317871,-0.3731836974620819,23.785850524902344,9.172911643981934,13.165533065795898,-5.373429298400879,13.299635887145996,-1.6496353149414062,12.167400360107422,-8.25635814666748,9.255002975463867,-1.3375310897827148,10.622895240783691,-7.672454357147217,9.2974271774292,-5.83847188949585,8.631195068359375,-14.100329399108887,9.454357147216797
045_AntonioMairena_Alegrias.mp3,alegrias,alegrias,6,F#,0.11285799741744995,0.07329625636339188,113.87914162255151,749.7903480012911,182.4847730072623,0.4759141033081834,1429.5670479150397,327.722528521352,2725.201731287181,0.07550866105111516,0.09473618119955063,0.036006007343530655,161.4990234375,0.344,0.141,1.85,0.12670712172985077,0.11285799741744995,0.0726502314209938,0.0955306887626648,0.07402332872152328,0.05449289828538895,0.04554794356226921,0.08368660509586334,0.09221512079238892,0.062095385044813156,0.07329625636339188,0.10689636319875717,0.7748643884001075,-181.0984649658203,59.922428131103516,136.55975341796875,17.960683822631836,-39.85443878173828,23.12986183166504,40.057132720947266,15.119751930236816,11.313453674316406,17.494871139526367,13.897256851196289,11.278645515441895,2.308357000350952,11.453144073486328,-5.2758941650390625,11.20361042022705,-5.396315574645996,10.602815628051758,-2.2673134803771973,9.222933769226074,0.2071976363658905,9.918245315551758,0.9140809774398804,8.420682907104492,-10.20148754119873,10.866025924682617
046_ManuelSotoSordera_Alegrias.mp3,alegrias,alegrias,6,F#,0.09784763306379318,0.07650502771139145,125.62905732418486,627.9495383603676,85.83620919900542,0.36484744305973354,1331.5541854641126,354.2300562954747,2457.4394065420875,0.06893054026106575,0.18464000523090363,0.05868469551205635,151.99908088235293,0.273,0.059,1.406,0.15117895603179932,0.09784763306379318,0.1091003343462944,0.07368231564760208,0.054532576352357864,0.07350639998912811,0.05536387860774994,0.07413002103567123,0.06056538224220276,0.0604352131485939,0.07650502771139145,0.11315231025218964,0.7401039974526449,-104.72067260742188,80.18810272216797,153.26910400390625,26.910072326660156,-40.97509002685547,24.75255012512207,29.479293823242188,14.914704322814941,-6.103621006011963,15.024855613708496,4.906317710876465,8.808710098266602,-5.259047985076904,9.584053039550781,1.1780359745025635,9.370661735534668,-6.165750026702881,6.669304370880127,-5.252202033996582,7.402445316314697,-6.738499641418457,7.240087509155273,2.7419536113739014,6.561624050140381,-13.371830940246582,7.026382923126221
047_ManuelAgujetas_Alegrias.mp3,alegrias,alegrias,6,F#,0.1273777186870575,0.07012820243835449,130.0593564629863,549.7003797136189,102.81114737111254,0.572381884509298,2092.344381450232,522.3576579438974,4474.7975255492875,0.09448187880928019,0.09950973093509674,0.062198299914598465,143.5546875,0.365,0.208,1.757,0.14567984640598297,0.1273777186870575,0.06811056286096573,0.07185528427362442,0.05667175352573395,0.06573420017957687,0.0976141169667244,0.05383412167429924,0.10228892415761948,0.05708708241581917,0.07012820243835449,0.0836181491613388,0.7886929138005816,-163.43167114257812,86.19491577148438,88.70377349853516,20.921066284179688,-2.1986939907073975,26.491796493530273,39.279747009277344,21.30316925048828,-3.1571848392486572,18.848785400390625,14.101679801940918,11.583748817443848,2.360360622406006,10.194106101989746,-2.898479700088501,10.132770538330078,-7.09665584564209,9.617534637451172,-6.0804219245910645,8.506967544555664,-9.344339370727539,7.832677841186523,0.3680209517478943,8.893571853637695,-5.400704383850098,8.913129806518555
048_MariaVargas_Alegrias.mp3,alegrias,alegrias,7,G,0.09745209664106369,0.07484249770641327,298.79793764201077,957.1937251977492,178.67336097973453,0.5710887209627764,1693.9422758918463,386.2085430838266,3133.99861141176,0.08857999940963476,0.19374871253967285,0.06965671479701996,161.4990234375,0.27,0.026,1.877,0.13072530925273895,0.09745209664106369,0.12295021116733551,0.06677256524562836,0.05474726855754852,0.05844207480549812,0.06583239138126373,0.10246902704238892,0.05820734053850174,0.08178285509347916,0.07484249770641327,0.0857764184474945,0.8199066241675186,-92.49504089355469,60.27552795410156,124.88433837890625,19.37801170349121,-45.5372314453125,19.008073806762695,23.10321807861328,16.151655197143555,-7.941864490509033,14.897947311401367,5.4029998779296875,9.824361801147461,-3.292691707611084,9.42811107635498,-0.7098380923271179,8.550580024719238,-11.173816680908203,8.871376991271973,-7.68145751953125,8.79118824005127,-9.930066108703613,9.073742866516113,-5.737328052520752,8.89122200012207,-12.6035795211792,8.933587074279785
049_Camaron_Alegrias.mp3,alegrias,alegrias,5,F,0.09545419365167618,0.05440988019108772,219.99999999999997,883.2179297525628,130.38932622812686,0.5722070844686649,2469.0726049702116,822.1786635743654,5548.471094282187,0.0980305292672246,0.13414449989795685,0.10550899058580399,161.4990234375,0.108,0.092,2.033,0.11708911508321762,0.09545419365167618,0.1050526574254036,0.07980495691299438,0.10381975024938583,0.09218479692935944,0.05303749069571495,0.10371163487434387,0.04655449092388153,0.0519963875412941,0.05440988019108772,0.09688466787338257,1.300918567784869,-146.0438232421875,104.18599700927734,71.9532699584961,27.194602966308594,5.569074630737305,23.816526412963867,18.567201614379883,22.282697677612305,3.7815566062927246,15.8738374710083,13.92214584350586,14.271279335021973,0.4392854869365692,11.100234031677246,3.7033190727233887,9.526942253112793,-14.842870712280273,8.909862518310547,-1.5845881700515747,9.26011848449707,-9.948458671569824,9.391894340515137,-8.414346694946289,9.535808563232422,-17.732030868530273,9.286445617675781
050_Fosforito_Alegrias.mp3,alegrias,alegrias,8,G#,0.06959258764982224,0.10863853991031647,269.2917795270241,675.3790130713476,112.24619881649093,0.7216494845360825,3039.1755577278127,942.3791195104315,5735.607349570935,0.1656671214399146,0.14113041758537292,0.0645892471075058,161.4990234375,0.122,0.061,1.969,0.13490425050258636,0.06959258764982224,0.06396108120679855,0.04850245639681816,0.0860978290438652,0.08714930713176727,0.0451623909175396,0.06955941766500473,0.06321112811565399,0.1261635273694992,0.10863853991031647,0.09705740213394165,1.7751230646848921,-120.50946044921875,82.7699203491211,51.23200607299805,34.787593841552734,7.112178325653076,17.45937156677246,34.69645690917969,14.224700927734375,-14.469820976257324,18.14432716369629,13.272965431213379,11.403716087341309,-3.2157137393951416,12.36945629119873,-17.743927001953125,13.038311958312988,-7.91533899307251,10.546367645263672,-1.865655541419983,12.53531551361084,-5.84293794631958,9.083721160888672,2.93530011177063,8.62643814086914,-0.669026255607605,8.925456047058105
051_BernardaDeUtrera_Buerias.mp3,bulerias,bulerias,7,G,0.085907481610775,0.11323629319667816,365.74467430282664,709.579577439461,173.7019974179914,0.47852268165395423,1895.8456045759951,367.07879268194984,3571.941450158069,0.09180151409658102,0.13162703812122345,0.06180503964424133,117.45383522727273,0.393,0.103,1.758,0.12557452917099,0.085907481610775,0.06992881745100021,0.0725521445274353,0.06665739417076111,0.09186745434999466,0.07766769826412201,0.07138568162918091,0.06398231536149979,0.07784901559352875,0.11323629319667816,0.08339112997055054,0.9187515352568921,-110.23629760742188,59.06570816040039,112.710205078125,22.14957618713379,-24.845935821533203,23.478708267211914,4.190230846405029,13.34335708618164,-1.4502451419830322,13.259499549865723,3.186262845993042,9.846000671386719,-6.314722537994385,10.943317413330078,1.839804768562317,9.288662910461426,-9.34206485748291,8.972881317138672,-1.74901282787323,10.78069019317627,-14.340248107910156,9.482404708862305,-2.462859869003296,8.574325561523438,-7.34119176864624,8.788021087646484
052_ElTurronero_Bulerias.mp3,bulerias,bulerias,6,F#,0.08584585040807724,0.11257385462522507,165.76853496220332,746.2318590304768,133.28608961050244,0.4854742737136857,1381.4296552478208,407.5310292554284,2720.4404666034084,0.058437370110693033,0.13509811460971832,0.060165662318468094,123.046875,0.206,0.029,1.974,0.1261623501777649,0.08584585040807724,0.0658314973115921,0.07547073811292648,0.05497737228870392,0.08081219345331192,0.07734861224889755,0.05866016447544098,0.07099495083093643,0.08147982507944107,0.11257385462522507,0.10984262824058533,0.7284594488322289,-165.19384765625,74.6407470703125,131.80186462402344,23.40503692626953,-19.36687660217285,30.526086807250977,37.29890823364258,17.284406661987305,2.5311944484710693,19.646331787109375,7.3562397956848145,11.0618896484375,0.9332959055900574,10.857580184936523,5.939312934875488,11.018237113952637,-12.890396118164062,9.974834442138672,-2.086899757385254,8.804342269897461,-0.6995697021484375,8.84410285949707,-1.7675132751464844,7.250838756561279,-8.173327445983887,8.09005069732666
053_FernandoTerremoto_Bulerias.mp3,bulerias,bulerias,8,G#,0.09488167613744736,0.09621048718690872,246.94165062806206,673.4391705162077,134.89053062634866,0.5330982529251482,1674.9176793075783,387.59602609499717,3120.045166211282,0.07897845520616284,0.10425557941198349,0.06365250796079636,129.19921875,0.577,0.115,1.721,0.1478002369403839,0.09488167613744736,0.07440198212862015,0.08562695235013962,0.06223021447658539,0.09663844108581543,0.07055171579122543,0.05760401487350464,0.05644603073596954,0.07076166570186615,0.09621048718690872,0.08684663474559784,0.7267596564936475,-168.70985412597656,80.83074188232422,115.32620239257812,19.294696807861328,-33.73101806640625,30.561710357666016,26.680221557617188,15.508766174316406,2.148987054824829,15.043095588684082,7.689634323120117,10.265398025512695,-8.5874605178833,12.10383415222168,-1.4284747838974,8.835580825805664,-11.013737678527832,9.367627143859863,-13.37845230102539,8.465280532836914,-10.269694328308105,10.562588691711426,-10.443740844726562,9.285503387451172,-13.205083847045898,8.099601745605469
054_FernandaDeUtrera_Bulerias.mp3,bulerias,bulerias,7,G,0.09735657274723053,0.11037594079971313,233.75699555865572,933.8375062572222,179.42740840083698,0.43386243386243384,1580.1134545328082,322.4517463328991,2991.659145162563,0.07805861191277857,0.09297224879264832,0.04592617601156235,117.45383522727273,0.319,0.17,1.933,0.1252250373363495,0.09735657274723053,0.06304959207773209,0.06261858344078064,0.06265918165445328,0.10025231540203094,0.08069895952939987,0.07083018124103546,0.05610894411802292,0.07766752690076828,0.11037594079971313,0.09315723180770874,1.0006483412980913,-160.9427947998047,61.72733688354492,132.29058837890625,20.426298141479492,-26.994443893432617,21.776865005493164,9.780389785766602,11.72685718536377,-16.115251541137695,18.732547760009766,10.147099494934082,10.244894027709961,-8.581335067749023,11.355910301208496,-0.535025954246521,9.335610389709473,-6.756608963012695,9.588272094726562,-7.872556209564209,9.391746520996094,-11.556209564208984,7.292448997497559,-3.971785068511963,7.97488260269165,-5.935020923614502,7.715579032897949
055_PericonDeCadiz_Bulerias.mp3,bulerias,bulerias,7,G,0.0831158459186554,0.08105380088090897,244.1052838549259,354.72391439543355,90.2129745086149,0.6262176454216533,1800.4120833325958,568.452138044355,3661.3487203307645,0.0765881303489424,0.08823888748884201,0.05185869336128235,129.19921875,0.567,0.1,1.97,0.10555674880743027,0.0831158459186554,0.09136786311864853,0.07199539244174957,0.1039990782737732,0.0797773227095604,0.05950893834233284,0.06299784779548645,0.07221660017967224,0.08932064473628998,0.08105380088090897,0.09908992797136307,1.4445240833698814,-174.38616943359375,83.4500961303711,110.3192138671875,30.0344181060791,-15.16680908203125,19.469043731689453,22.79669189453125,18.030628204345703,4.192585468292236,15.533478736877441,8.574597358703613,10.721663475036621,-3.645673990249634,13.310383796691895,-2.7959225177764893,9.983078002929688,-8.906181335449219,10.14442253112793,-4.936670303344727,8.70461368560791,-9.79800796508789,8.664764404296875,-0.7117204666137695,9.006246566772461,-7.440042018890381,9.614995956420898
056_LaPerlaDeCadiz_Bulerias.mp3,bulerias,bulerias,8,G#,0.09419640898704529,0.08823157101869583,417.7105332182284,905.0120768085396,175.99050163434185,0.25119068618804025,2677.846512962284,579.0062068028161,5287.269304551067,0.14984881282798995,0.15288007259368896,0.06634869426488876,135.99917763157896,0.265,0.082,2.044,0.1140221506357193,0.09419640898704529,0.08278363198041916,0.07460695505142212,0.07070412486791611,0.06827082484960556,0.068178191781044,0.0768236443400383,0.07564834505319595,0.08145676553249359,0.08823157101869583,0.10507740825414658,0.9476881186101749,-55.64823532104492,80.17241668701172,73.97402954101562,23.845842361450195,-24.68865394592285,26.284439086914062,14.109448432922363,14.313416481018066,-9.768407821655273,14.008138656616211,3.1979949474334717,10.015494346618652,-10.478742599487305,10.392631530761719,0.30952775478363037,9.866427421569824,-6.857318878173828,8.661090850830078,1.688224196434021,8.216076850891113,-7.223031997680664,8.031052589416504,-0.3840409219264984,8.828104019165039,-6.688555717468262,8.137277603149414
057_TerremotoDeJerez_Bulerias.mp3,bulerias,bulerias,7,G,0.0941537395119667,0.09927365928888321,283.6614678567074,845.6267416552623,166.7713767465118,0.28507335137444806,2019.2438340016763,426.6546117016781,4024.592007668401,0.10046725754655676,0.10515707731246948,0.05461077019572258,129.19921875,0.386,0.105,1.837,0.12023039162158966,0.0941537395119667,0.06102406606078148,0.06230245158076286,0.061002954840660095,0.08334168046712875,0.08041846752166748,0.08051395416259766,0.08195044845342636,0.07895258814096451,0.09927365928888321,0.09683561325073242,0.9791421251149608,-122.30986785888672,84.52967834472656,103.3035659790039,20.962013244628906,-25.474571228027344,18.762678146362305,20.438478469848633,12.048591613769531,-6.939944267272949,13.629715919494629,13.523844718933105,9.085253715515137,-3.7057042121887207,10.032920837402344,1.9857696294784546,9.021841049194336,-9.707186698913574,8.753484725952148,-2.1851720809936523,8.859220504760742,-9.574326515197754,9.053356170654297,-4.215682029724121,8.331867218017578,-11.692484855651855,8.670512199401855
058_LaPaqueraDeJerez_Bulerias.mp3,bulerias,bulerias,4,E,0.12409930676221848,0.06517034024000168,367.86341164694414,554.5410247101913,160.63568214538896,0.6010534051935326,2036.5195731072115,453.34852238881433,3695.9564522981996,0.11074241477446717,0.1855773776769638,0.09657363593578339,129.19921875,0.394,0.061,1.912,0.12950292229652405,0.12409930676221848,0.0981706902384758,0.07262573391199112,0.073600634932518,0.07445701956748962,0.05843574181199074,0.08943799138069153,0.08043894916772842,0.06409799307584763,0.06517034024000168,0.06996263563632965,1.0134236305509599,-106.53241729736328,88.52409362792969,94.95465087890625,29.66790008544922,-50.45928955078125,19.67599105834961,14.649001121520996,14.54029369354248,-7.49419641494751,18.410982131958008,10.47645092010498,14.006967544555664,-5.856152057647705,10.604368209838867,8.383854866027832,10.12364387512207,-9.04072093963623,9.825435638427734,-4.858741283416748,8.668601989746094,-9.941889762878418,9.133572578430176,-7.857597351074219,10.082782745361328,-11.434281349182129,10.648515701293945
059_AntonioMairena_Buleria.mp3,bulerias,bulerias,7,G,0.08859771490097046,0.0837697759270668,257.13099468347406,765.2030038347405,109.67252873111569,0.5034018098949733,1634.3234437615647,378.87850711951955,2973.851416651013,0.08083549472802035,0.14776162803173065,0.09262704104185104,123.046875,0.153,0.05,2.189,0.1302303820848465,0.08859771490097046,0.06394975632429123,0.07341645658016205,0.08093833923339844,0.10181989520788193,0.0741415023803711,0.055328480899333954,0.06890137493610382,0.07709185779094696,0.0837697759270668,0.1018143966794014,1.1024549944742075,-130.89244079589844,77.41107177734375,122.29560852050781,21.34932518005371,-37.327030181884766,29.89081573486328,18.17072868347168,16.31664276123047,-2.3324220180511475,17.202320098876953,1.3682745695114136,10.710872650146484,-8.4489107131958,10.76661205291748,-4.441646575927734,11.168412208557129,-11.964113235473633,9.88318157196045,-12.843859672546387,9.320625305175781,-9.002096176147461,8.812800407409668,-5.6849684715271,8.254098892211914,-12.528257369995117,8.029461860656738
060_CarmenLinares_Bulerias.mp3,bulerias,bulerias,1,C#,0.10040123015642166,0.07945790886878967,286.9574553484241,899.799590806121,140.04318709300009,0.43549243429784973,2630.5235516289727,792.020829123112,5430.164936856563,0.12009388817568689,0.11491847783327103,0.06703463196754456,117.45383522727273,0.246,0.158,1.975,0.12092757225036621,0.10040123015642166,0.07402724027633667,0.07806199789047241,0.07087703049182892,0.08250901103019714,0.07411151379346848,0.09316191077232361,0.07687114924192429,0.06333589553833008,0.07945790886878967,0.08625755459070206,0.9079581922983241,-120.27922058105469,86.39594268798828,73.13433837890625,26.900772094726562,-14.08106517791748,22.16455841064453,14.631479263305664,16.238483428955078,11.851642608642578,13.99381160736084,7.134369850158691,13.545953750610352,-4.45880651473999,10.730010032653809,2.629826545715332,10.621355056762695,-6.686574935913086,9.50071907043457,-5.447783470153809,10.448765754699707,-8.919812202453613,8.5662841796875,-0.12132778018712997,9.499927520751953,-9.998290061950684,8.726031303405762
061_FernandoTerremoto_CantesMineros.mp3,cantesmineros,other,10,A#,0.1068165972828865,0.07947304844856262,245.51937137864914,556.847576119012,94.06269390821156,0.8084190636153684,1496.4798959254872,462.39209196858525,2934.1826143170665,0.064551796153291,0.09162935614585876,0.06664743274450302,123.046875,0.162,0.289,2.055,0.12599341571331024,0.1068165972828865,0.05802550166845322,0.08381874859333038,0.06397704780101776,0.08653850853443146,0.061106566339731216,0.08474857360124588,0.09930885583162308,0.073109470307827,0.07947304844856262,0.07708367705345154,0.7632784892962305,-229.46875,86.11431121826172,113.87313842773438,24.32398223876953,-10.23145580291748,29.59876251220703,29.911781311035156,16.586984634399414,2.2179746627807617,16.639678955078125,8.265960693359375,11.753235816955566,-9.690672874450684,14.026314735412598,-4.952951908111572,9.58387565612793,-12.074485778808594,9.730796813964844,-13.183059692382812,9.204049110412598,-10.047537803649902,10.703963279724121,-12.769268035888672,11.635689735412598,-10.010337829589844,9.95219898223877
062_JoseMenese_CantesMineros.mp3,cantesmineros,other,11,B,0.06183869019150734,0.06699847429990768,278.7883336231537,696.2657823602561,121.61176229927035,0.8271238300935925,2249.9288185885816,668.3308569692059,4877.806318707394,0.08984322269843413,0.11994003504514694,0.08189602196216583,123.046875,0.045,0.023,2.301,0.10411977022886276,0.06183869019150734,0.0717981606721878,0.0680186077952385,0.08136261254549026,0.08819268643856049,0.09252499788999557,0.09847921878099442,0.08594778925180435,0.07689433544874191,0.06699847429990768,0.10382465273141861,1.1961816800252987,-183.444091796875,92.98323822021484,80.20106506347656,32.68873596191406,7.849706172943115,26.71340560913086,8.458602905273438,18.692930221557617,-4.2030863761901855,19.610816955566406,3.0977234840393066,10.537409782409668,-7.1859660148620605,13.088277816772461,-9.279884338378906,11.591544151306152,-11.371088027954102,10.698077201843262,-7.712584972381592,11.8077974319458,-6.081784248352051,9.971273422241211,0.13241544365882874,9.367473602294922,-3.362884283065796,9.929117202758789
063_ElLebrijano_CantesMineros.mp3,cantesmineros,other,8,G#,0.10995642095804214,0.08594825118780136,212.505992363466,597.6677485236637,90.54371542451204,0.678123472878319,1427.6469798472876,436.55280877154416,2766.3869859962942,0.07273306740206059,0.11526145786046982,0.06312794983386993,112.34714673913044,0.227,0.136,1.975,0.11494363099336624,0.10995642095804214,0.0621991828083992,0.07544679194688797,0.06292316317558289,0.07579335570335388,0.06349657475948334,0.08102528750896454,0.09300679713487625,0.08587533235549927,0.08594825118780136,0.08938517421483994,0.8340071400236434,-186.48043823242188,76.3561782836914,135.42320251464844,26.797136306762695,-29.5952205657959,33.20000076293945,39.43865966796875,18.432247161865234,-6.1944661140441895,26.90807342529297,13.439177513122559,13.746705055236816,3.6988260746002197,10.575849533081055,-1.7621232271194458,9.6695556640625,-7.6501312255859375,7.934980869293213,-7.057206153869629,8.405111312866211,-3.504286050796509,9.525528907775879,-0.8165048956871033,8.831624984741211,-8.822722434997559,8.429229736328125
064_Camaron_CantesMineros.mp3,cantesmineros,other,5,F,0.12577666342258453,0.07250375300645828,231.73942791006385,511.8331746273277,119.11376487662251,0.7777410832232496,1487.319786314524,792.2784124890266,2840.2511818405815,0.06280856214394816,0.10144216567277908,0.08346021175384521,129.19921875,0.125,0.208,2.044,0.12614493072032928,0.12577666342258453,0.08187958598136902,0.06914597749710083,0.07786711305379868,0.10747863352298737,0.0802156999707222,0.05328376218676567,0.06758469343185425,0.05294962227344513,0.07250375300645828,0.08516959846019745,1.1261264338487875,-239.81390380859375,97.73785400390625,104.22521209716797,41.00108337402344,2.977306842803955,30.698333740234375,17.45522689819336,24.658771514892578,2.3985061645507812,25.778179168701172,11.114368438720703,15.04626178741455,5.420770168304443,13.678448677062988,1.358467936515808,10.855077743530273,-10.358903884887695,9.805508613586426,-8.596076011657715,11.34188461303711,-7.374416828155518,10.552983283996582,-6.236559867858887,9.691550254821777,-8.720322608947754,9.516429901123047
065_Fosforito_CantesMineros.mp3,cantesmineros,other,7,G,0.07788050919771194,0.07730884850025177,219.99999999999997,408.90576921370655,88.86371633689714,0.8074527604771455,2776.214136068042,1039.5407056960964,5574.783306832577,0.12542302588607093,0.1198938861489296,0.054530393332242966,107.666015625,0.094,0.03,2.022,0.1161404401063919,0.07788050919771194,0.11456886678934097,0.11270885169506073,0.060954101383686066,0.08996369689702988,0.05261215567588806,0.0924665555357933,0.06641055643558502,0.0802495926618576,0.07730884850025177,0.05873581022024155,0.5408102422035169,-142.95721435546875,86.0892333984375,61.92706298828125,41.013824462890625,5.724905490875244,18.871450424194336,38.885013580322266,14.05007266998291,-4.020332336425781,15.690611839294434,15.958434104919434,10.367894172668457,2.7859373092651367,9.909034729003906,-7.974493503570557,11.303077697753906,-7.913593292236328,10.473734855651855,-6.201678276062012,9.309928894042969,-6.44313383102417,8.900854110717773,2.8501980304718018,8.92592716217041,-4.479969501495361,8.554516792297363
066_AntonioPinana_CantesMineros.mp3,cantesmineros,other,7,G,0.07430831342935562,0.052229736000299454,220.63722351746387,546.1576254054786,94.09502400817607,0.7774067359984734,1678.111453369327,674.677927821681,3401.6574798109377,0.06551671253339376,0.138087198138237,0.0679549127817154,107.666015625,0.171,0.028,2.169,0.11604177206754684,0.07430831342935562,0.09440934658050537,0.07614818960428238,0.08098135888576508,0.08502506464719772,0.09432379901409149,0.09839840978384018,0.06664326041936874,0.057038336992263794,0.052229736000299454,0.10445238649845123,1.0634705737142158,-186.98333740234375,98.24434661865234,102.9974136352539,43.36888885498047,-6.94469690322876,30.24199104309082,25.1685733795166,24.70263671875,-7.04373836517334,30.916471481323242,2.600543260574341,16.333248138427734,1.4175986051559448,17.229934692382812,-7.1422038078308105,12.04672908782959,-18.47456932067871,10.884349822998047,-11.183870315551758,10.884469032287598,-6.185037136077881,10.80836296081543,-5.049417018890381,11.01093578338623,-7.590392589569092,10.411308288574219
067_AntonioPinana_CantesMineros.mp3,cantesmineros,other,7,G,0.07938388735055923,0.05117502063512802,237.15608026942812,333.44100418321887,79.37007482137837,0.8057273997206147,1623.1877120399688,578.1879616283559,3250.298642303339,0.06344835307635702,0.10363976657390594,0.07071071863174438,161.4990234375,0.137,0.039,2.216,0.11369839310646057,0.07938388735055923,0.09628350287675858,0.07292378693819046,0.0811099261045456,0.09136893600225449,0.09969153255224228,0.09460655599832535,0.06423009932041168,0.053040049970149994,0.05117502063512802,0.10248838365077972,1.1122560896802252,-220.87661743164062,93.2296142578125,102.96623992919922,38.84098815917969,-9.443740844726562,30.129331588745117,20.878477096557617,25.763731002807617,-6.805934906005859,26.495206832885742,5.898183345794678,13.210733413696289,-2.4515581130981445,15.371088981628418,-11.977347373962402,12.116844177246094,-17.40106773376465,11.041295051574707,-8.130633354187012,10.271000862121582,-6.428517818450928,11.056543350219727,-3.492546796798706,10.041929244995117,-6.46099328994751,9.764911651611328
068_JuanitoValderrama_CantesMineros.mp3,cantesmineros,other,7,G,0.09678507596254349,0.106687992811203,229.0776735576574,466.991007931339,109.10880392268558,0.8586182954348204,1397.068551290725,783.5236647696364,2641.631761182412,0.05419709984160736,0.1562456339597702,0.07729808241128922,107.666015625,0.205,0.128,2.102,0.13089889287948608,0.09678507596254349,0.05937899649143219,0.09807746112346649,0.05299424007534981,0.0885751023888588,0.06454269587993622,0.07573944330215454,0.08507899940013885,0.06616485118865967,0.106687992811203,0.07507626712322235,0.5403304639853708,-207.03684997558594,93.31934356689453,117.29853820800781,40.25271224975586,11.465153694152832,24.781768798828125,12.285755157470703,23.691829681396484,9.456888198852539,18.393016815185547,-2.155470609664917,22.22303581237793,3.9330291748046875,18.18997573852539,4.956943988800049,12.423473358154297,-22.75118064880371,13.78577709197998,-5.219685077667236,13.312932968139648,-8.589395523071289,10.753195762634277,-3.09390926361084,9.480083465576172,-4.056632041931152,10.499603271484375
069_EnriqueOrozco_CantesMineros.mp3,cantesmineros,other,10,A#,0.053710371255874634,0.054794345051050186,221.27444703492776,312.09295748044406,84.00002129522512,0.7868080094228505,1539.7540173112218,591.8372379198189,2938.139079063604,0.07258991342230355,0.12344278395175934,0.08506274223327637,135.99917763157896,0.16,0.0,1.999,0.1119328960776329,0.053710371255874634,0.08683858066797256,0.06879445165395737,0.09977391362190247,0.08080132305622101,0.09948837757110596,0.11173234134912491,0.062420330941677094,0.06638562679290771,0.054794345051050186,0.10332736372947693,1.45031919323632,-189.36203002929688,90.05352783203125,113.1419448852539,34.16282653808594,-22.197599411010742,21.060203552246094,14.481679916381836,21.699047088623047,3.1477177143096924,19.638526916503906,3.107067823410034,11.771831512451172,7.702874660491943,13.688021659851074,-4.906260013580322,10.72768497467041,-15.276535987854004,10.65552043914795,-3.74153208732605,11.058086395263672,-8.419228553771973,12.604676246643066,-12.491589546203613,9.767672538757324,-7.8517537117004395,9.143394470214844
070_LuisDeCordoba_CantesMineros.mp3,cantesmineros,other,6,F#,0.07642190903425217,0.0872097909450531,285.30470202322215,640.158342278397,102.49795826366301,0.8535230484358249,2115.4463080351984,947.9351675653124,4297.226537755214,0.07866410323372479,0.14214062690734863,0.0800689160823822,161.4990234375,0.192,0.019,2.267,0.09575717896223068,0.07642190903425217,0.07768446952104568,0.06466598808765411,0.09423341602087021,0.09348950535058975,0.06399648636579514,0.08889041841030121,0.0789535790681839,0.0849662721157074,0.0872097909450531,0.09373106807470322,1.4572330649790386,-196.6676025390625,84.02224731445312,67.17097473144531,52.59407043457031,-0.584166407585144,24.25632095336914,21.919025421142578,25.2611083984375,-13.20717716217041,30.209152221679688,8.54454517364502,12.85839557647705,-13.340725898742676,18.77883529663086,-9.719986915588379,11.813566207885742,-8.088812828063965,13.331639289855957,-14.188730239868164,12.2810697555542,-8.987231254577637,10.225783348083496,1.6408528089523315,12.045797348022461,-15.805957794189453,11.685209274291992
071_PericonDeCadiz_CantesAmericanos.mp3,cantesamericanos,other,5,F,0.08229498565196991,0.05930429697036743,184.9972113558172,354.72391439543355,90.72982840894156,0.8360949395432155,2355.741829296875,649.159465072336,5296.309726440047,0.09562258301145693,0.07709691673517227,0.06478103250265121,123.046875,0.192,0.111,1.957,0.13424958288669586,0.08229498565196991,0.09123735129833221,0.0905732735991478,0.08425607532262802,0.0932246595621109,0.05730672553181648,0.10879240930080414,0.07952941954135895,0.050033386796712875,0.05930429697036743,0.06919775158166885,0.9302531748551129,-206.9252166748047,82.99942779541016,83.78923797607422,27.015207290649414,6.928683280944824,30.772794723510742,12.208664894104004,15.905233383178711,-1.2503504753112793,18.868938446044922,-0.8535482287406921,12.283623695373535,-5.503602504730225,11.890392303466797,1.8530280590057373,10.191763877868652,-15.63912296295166,9.654346466064453,-4.223966598510742,8.058615684509277,-6.703388690948486,8.458768844604492,-1.8885189294815063,10.977127075195312,-3.1165478229522705,9.434561729431152
072_AngelDeAlora_CantesAmericanos.mp3,cantesamericanos,other,5,F,0.0796467512845993,0.1078290045261383,239.91170118635668,347.50632721015324,95.44351885739391,0.6944953008665934,1705.4992783060939,697.2893474106924,3345.093613760413,0.06620570485093982,0.05079513415694237,0.02867523767054081,129.19921875,0.206,0.029,2.008,0.10942815244197845,0.0796467512845993,0.06568944454193115,0.05491175502538681,0.06367317587137222,0.10014229267835617,0.07919470965862274,0.0918477326631546,0.07831250876188278,0.07989127933979034,0.1078290045261383,0.08943311870098114,1.1595545587995655,-274.7186279296875,109.49861907958984,111.62751770019531,32.623287200927734,4.977140426635742,21.719951629638672,5.594005584716797,23.068239212036133,0.18885564804077148,20.24477767944336,14.16528034210205,11.832535743713379,-1.876442313194275,16.176801681518555,1.4888864755630493,8.83884048461914,-9.768917083740234,9.301709175109863,-4.090368747711182,9.2387056350708,-7.183413028717041,9.869721412658691,-2.8922054767608643,8.316523551940918,-12.793632507324219,8.88581657409668
073_Camaron_CantesAmericanos.mp3,cantesamericanos,other,6,F#,0.10059139132499695,0.09711585193872452,283.6614678567074,809.525181634292,139.5477126643116,0.6940155671813194,2460.608901262205,1025.0545974454878,5255.181382434685,0.10231270984193569,0.07377414405345917,0.039719969034194946,123.046875,0.067,0.097,2.13,0.10295484215021133,0.10059139132499695,0.09325342625379562,0.10194358974695206,0.0595514178276062,0.05643086135387421,0.06265240162611008,0.0941462516784668,0.08819583803415298,0.06250088661909103,0.09711585193872452,0.080663301050663,0.584160494793511,-193.02142333984375,92.12512969970703,80.13939666748047,38.853477478027344,4.9356913566589355,22.028886795043945,17.347070693969727,20.67442512512207,-6.33274507522583,13.869134902954102,1.2425414323806763,12.411678314208984,-3.573780059814453,11.739778518676758,-5.344971656799316,10.04986572265625,-14.922516822814941,10.17842960357666,-8.072543144226074,9.817732810974121,-11.212662696838379,10.884772300720215,-6.572394371032715,10.354759216308594,-10.932195663452148,10.806190490722656
074_PepeMarchena_CantesAmericanos.mp3,cantesamericanos,other,5,F,0.08106652647256851,0.07973965257406235,273.99891691894106,546.1576254054786,130.9495234408743,0.7355295970599817,1403.7337146501295,440.8965161945268,2674.646254045191,0.06852209269179026,0.12255195528268814,0.0820503756403923,129.19921875,0.129,0.0,2.069,0.11173184961080551,0.08106652647256851,0.11135897785425186,0.07801469415426254,0.0926540419459343,0.08863908797502518,0.051245275884866714,0.0695766806602478,0.05880192667245865,0.08477280288934708,0.07973965257406235,0.09239844232797623,1.187648595567453,-200.35484313964844,71.50666046142578,134.5174102783203,31.192243576049805,-23.210403442382812,26.43613052368164,25.2365665435791,15.68628978729248,-8.184696197509766,14.19050121307373,8.231003761291504,11.183980941772461,-5.4387688636779785,12.369243621826172,1.2454092502593994,9.492619514465332,-7.820316791534424,8.540116310119629,-7.441292762756348,9.10100269317627,-1.6204413175582886,8.098899841308594,-5.955505847930908,8.070234298706055,-4.384836673736572,8.759610176086426
075_PepeDeLaMatrona_CantesAmericanos.mp3,cantesamericanos,other,6,F#,0.11098877340555191,0.08095286041498184,105.03257643014581,736.9093986060811,103.12809946988088,0.16495753885595257,1978.507021261072,716.3999444927057,4080.200414377954,0.09711296767344976,0.138535737991333,0.06070916727185249,92.28515625,0.278,0.25,1.798,0.11933887749910355,0.11098877340555191,0.08182183653116226,0.07068487256765366,0.07872787117958069,0.07530074566602707,0.06453345715999603,0.07264229655265808,0.06737995147705078,0.07868917286396027,0.08095286041498184,0.09893930703401566,1.1137867031482436,-117.54408264160156,98.14163208007812,102.2113265991211,34.30881881713867,-9.953154563903809,27.746604919433594,37.311527252197266,20.68243408203125,1.0381934642791748,17.639495849609375,11.619166374206543,11.250221252441406,8.796671867370605,12.39837646484375,6.358364105224609,8.942142486572266,-9.60456657409668,9.6461820602417,2.890627145767212,12.918140411376953,-4.675726413726807,9.8029146194458,4.017265319824219,8.483951568603516,-5.121876239776611,9.362833023071289
076_LuisDeCordoba_CantesAmericanos.mp3,cantesamericanos,other,8,G#,0.09812343865633011,0.09997697919607162,213.73702705379327,678.869165870525,128.79515085942228,0.7892513263902535,1703.134113843583,705.8834976237945,3452.8104044876204,0.07136577322104048,0.1888556331396103,0.0837937593460083,184.5703125,0.483,0.033,1.724,0.1744157075881958,0.09812343865633011,0.06828037649393082,0.051511552184820175,0.05863649398088455,0.08809560537338257,0.053420934826135635,0.06643574684858322,0.06072080880403519,0.08904842287302017,0.09997697919607162,0.09133393317461014,1.1383173578326768,-132.7212677001953,75.85567474365234,110.16502380371094,35.01939392089844,-1.6630626916885376,15.562551498413086,10.238036155700684,18.380279541015625,-9.760430335998535,16.542089462280273,13.149223327636719,10.295743942260742,-6.819843292236328,10.648456573486328,-6.2395477294921875,11.777615547180176,-12.329633712768555,10.260688781738281,-6.65212345123291,11.846323013305664,-11.145398139953613,10.058926582336426,-3.147948980331421,8.946268081665039,-11.469966888427734,9.413541793823242
077_JunaitoCalderrama_CantesAmericanos.mp3,cantesamericanos,other,8,G#,0.05321121588349342,0.09083155542612076,267.74077300753,479.435207240924,124.96360627038908,0.8684540215484841,1470.9514680528796,684.6440717606107,2732.817601811106,0.06334308346122526,0.08656272292137146,0.05302936211228371,107.666015625,0.444,0.0,1.782,0.16890861093997955,0.05321121588349342,0.05111682042479515,0.04714450612664223,0.07971761375665665,0.1016271710395813,0.0559065006673336,0.08952315151691437,0.0631154403090477,0.09689226001501083,0.09083155542612076,0.10200513899326324,1.6909205399779712,-243.48361206054688,84.07946014404297,124.04949951171875,38.45745086669922,-1.317431092262268,21.266801834106445,10.11606216430664,20.130966186523438,-0.22963456809520721,13.736466407775879,-8.151788711547852,12.654041290283203,-9.137048721313477,12.704424858093262,1.7123364210128784,9.524701118469238,-16.296907424926758,11.576086044311523,-8.101873397827148,11.484535217285156,-14.235280990600586,10.423490524291992,-4.462532997131348,9.254061698913574,-10.283561706542969,9.408907890319824
078_Juanito Valderrama_CantesAmericanos.mp3,cantesamericanos,other,6,F#,0.06581400334835052,0.08021295815706253,302.26980244077964,476.29715054661335,134.8014128134049,0.7694983277591974,1269.8293524330716,521.8292853696197,2281.204493493938,0.057923547240802675,0.0877230241894722,0.056752413511276245,143.5546875,0.242,0.0,2.143,0.1292760968208313,0.06581400334835052,0.07748045027256012,0.06450937688350677,0.09759142994880676,0.11298240721225739,0.04929281026124954,0.07656984776258469,0.05764425918459892,0.09553258866071701,0.08021295815706253,0.09309379756450653,1.5128254939594392,-250.898193359375,89.66461181640625,134.71005249023438,34.3035888671875,-5.327068328857422,23.221435546875,15.145623207092285,18.3603458404541,0.8034101724624634,13.829124450683594,-6.299253940582275,11.47067642211914,-7.566060543060303,13.59749698638916,-0.6923869252204895,9.166088104248047,-17.50139617919922,11.307188034057617,-10.192300796508789,10.69973373413086,-14.166436195373535,9.447796821594238,-6.650887966156006,9.039003372192383,-9.597189903259277,9.350418090820312
079_Pepe Aznalcollar _CantesAmericanos.mp3,cantesamericanos,other,7,G,0.08114471286535263,0.0679040476679802,148.5384940785009,406.1739321908193,88.00626418575787,0.8188209843158464,1575.3339620998302,777.4727733354156,3146.254856404644,0.06648214617698756,0.048346295952796936,0.033777374774217606,112.34714673913044,0.212,0.0,2.083,0.12718132138252258,0.08114471286535263,0.07978175580501556,0.07979615777730942,0.05565347149968147,0.06746096163988113,0.06050042435526848,0.12374605983495712,0.09341225028038025,0.06330415606498718,0.0679040476679802,0.10011469572782516,0.6974455042684639,-277.782958984375,92.28479766845703,108.32254791259766,36.78190612792969,-6.896243095397949,28.44802474975586,27.932458877563477,17.696794509887695,9.362722396850586,18.35955810546875,17.638452529907227,13.270333290100098,0.9656763076782227,13.514168739318848,-4.715240478515625,9.857122421264648,-14.386063575744629,10.797518730163574,-8.837150573730469,9.33381462097168,-3.2012436389923096,9.917886734008789,-1.7873257398605347,8.873376846313477,-4.8090009689331055,8.330028533935547
080_PericonDeCadiz_CantesAmericanos.mp3,cantesamericanos,other,5,F,0.08229498565196991,0.05930429697036743,184.9972113558172,354.72391439543355,90.72982840894156,0.8360949395432155,2355.741829296875,649.159465072336,5296.309726440047,0.09562258301145693,0.07709691673517227,0.06478103250265121,123.046875,0.192,0.111,1.957,0.13424958288669586,0.08229498565196991,0.09123735129833221,0.0905732735991478,0.08425607532262802,0.0932246595621109,0.05730672553181648,0.10879240930080414,0.07952941954135895,0.050033386796712875,0.05930429697036743,0.06919775158166885,0.9302531748551129,-206.9252166748047,82.99942779541016,83.78923797607422,27.015207290649414,6.928683280944824,30.772794723510742,12.208664894104004,15.905233383178711,-1.2503504753112793,18.868938446044922,-0.8535482287406921,12.283623695373535,-5.503602504730225,11.890392303466797,1.8530280590057373,10.191763877868652,-15.63912296295166,9.654346466064453,-4.223966598510742,8.058615684509277,-6.703388690948486,8.458768844604492,-1.8885189294815063,10.977127075195312,-3.1165478229522705,9.434561729431152
081_AntonioMairena_MalaguenasGranainas.mp3,malaguenasgraninas,other,7,G,0.10022850334644318,0.07960179448127747,150.26442824298348,564.077818946364,101.94532836167888,0.7899824921976099,1417.2225481175647,403.1522117376991,2677.088391952358,0.07183357953680444,0.11576246470212936,0.058966368436813354,99.38401442307692,0.171,0.095,2.167,0.12345772981643677,0.10022850334644318,0.06167330592870712,0.09645403176546097,0.06605234742164612,0.06683062016963959,0.05578820779919624,0.07939216494560242,0.11446431279182434,0.0626148208975792,0.07960179448127747,0.0934421643614769,0.6848064949971191,-199.49330139160156,68.19902801513672,127.64137268066406,27.440160751342773,-33.11012649536133,29.81863784790039,38.74302291870117,18.19422149658203,4.698454856872559,21.16109848022461,15.03683853149414,13.198654174804688,1.6414738893508911,15.584157943725586,-5.584671497344971,10.372559547424316,-7.323132038116455,10.986282348632812,-10.342534065246582,9.850252151489258,-0.17882311344146729,10.386428833007812,-4.145023345947266,10.551084518432617,-5.202955722808838,10.443572998046875
082_LuisCaballero_MalagenasGranainas.mp3,malaguenasgraninas,other,1,C#,0.10109896957874298,0.07512939721345901,223.84553226259098,779.7218003197341,120.41284388791588,0.7960623648571754,1697.8614512920972,419.6058413525229,3336.4469278790757,0.06975592494594288,0.08737682551145554,0.05745631456375122,117.45383522727273,0.242,0.121,2.018,0.11688438057899475,0.10109896957874298,0.05180823430418968,0.08109360188245773,0.07340341806411743,0.103361114859581,0.07307740300893784,0.10261006653308868,0.11025753617286682,0.046042073518037796,0.07512939721345901,0.06523378938436508,0.9051690436751478,-216.40472412109375,72.17304992675781,108.25059509277344,23.662267684936523,-7.192524433135986,32.2260627746582,9.927886009216309,19.2604923248291,3.408496379852295,15.880456924438477,7.074076175689697,11.602408409118652,-6.9522786140441895,13.667542457580566,-3.4086825847625732,10.695988655090332,-9.530341148376465,10.101936340332031,-4.328239440917969,10.359331130981445,-8.684195518493652,11.27068042755127,1.1183103322982788,10.053387641906738,-6.983011245727539,10.229555130004883
083_BernardoElDeLosLobitos_MalaguenasGranainas.mp3,malaguenasgraninas,other,7,G,0.08643823862075806,0.07263220101594925,213.73702705379327,390.1101751650564,95.02341929069414,0.8378937127569014,1332.9066416627666,523.7188193238431,2521.103912876801,0.050248908834215004,0.059033509343862534,0.062194984406232834,107.666015625,0.25,0.036,2.124,0.1507502794265747,0.08643823862075806,0.0737927258014679,0.07006122916936874,0.07682684063911438,0.05593440681695938,0.07839746028184891,0.09611839056015015,0.05833571031689644,0.07249215990304947,0.07263220101594925,0.10822036862373352,1.0965671249271145,-304.074951171875,91.2300033569336,115.33383178710938,33.765953063964844,8.92367935180664,26.59885025024414,15.690671920776367,14.198445320129395,2.6266040802001953,20.69805908203125,2.908247470855713,10.632851600646973,0.24432921409606934,11.82890796661377,-3.5301215648651123,10.035305976867676,-5.371812343597412,10.629777908325195,-1.7684022188186646,8.991518020629883,-1.0631194114685059,10.400045394897461,-5.0139617919921875,10.457473754882812,-11.822543144226074,9.874223709106445
084_BernardoElDeLosLobitos_MalaguenasGranainas.mp3,malaguenasgraninas,other,7,G,0.07681377232074738,0.06787559390068054,202.90956258890662,390.1101751650564,85.8604050102162,0.8315951647309789,1201.2658427410468,471.53034743604604,2197.8209045945428,0.04748919971409102,0.06053196266293526,0.05520724505186081,161.4990234375,0.143,0.023,2.137,0.13240574300289154,0.07681377232074738,0.0802101418375969,0.0578753724694252,0.07734966278076172,0.05940848961472511,0.08641716837882996,0.11271168291568756,0.06375893205404282,0.0755220353603363,0.06787559390068054,0.10965133458375931,1.3364866519282366,-306.80633544921875,91.99915313720703,127.64307403564453,31.033580780029297,2.3442699909210205,29.259380340576172,17.151123046875,14.439834594726562,4.434172630310059,22.514123916625977,0.9867091178894043,10.94765853881836,2.332308530807495,13.927497863769531,-3.795116424560547,10.295817375183105,-7.19966983795166,10.07140064239502,-2.1834402084350586,10.213377952575684,0.13317666947841644,9.609977722167969,-6.762298107147217,8.891249656677246,-13.977717399597168,9.322976112365723
085_GabrielMoreno_MalaguenasGranainas.mp3,malaguenasgraninas,other,4,E,0.0907805934548378,0.05412912368774414,265.432103783155,718.584480638349,101.78872712384539,0.8085404270213511,1609.2053156182296,597.6049600181335,3074.869051069741,0.07333054641013301,0.13013847172260284,0.08407473564147949,135.99917763157896,0.351,0.053,2.084,0.142891064286232,0.0907805934548378,0.07171382755041122,0.05821947380900383,0.10769640654325485,0.10978434979915619,0.05856120586395264,0.07743045687675476,0.06475964188575745,0.07509958744049072,0.05412912368774414,0.08893422037363052,1.8498347631338306,-194.15757751464844,86.38552856445312,107.97501373291016,31.812191009521484,-12.681337356567383,24.04945182800293,14.311800956726074,17.3565731048584,-12.39927864074707,23.771366119384766,2.425767421722412,13.257792472839355,1.880115270614624,12.435161590576172,-10.87122631072998,10.5362548828125,-13.183672904968262,9.284344673156738,-8.359190940856934,10.74221420288086,-10.942999839782715,10.475868225097656,-11.129446029663086,9.401728630065918,-12.534284591674805,9.330201148986816
086_JacintoAlmaden_MalaguenasGranainas.mp3,malaguenasgraninas,other,7,G,0.1130479946732521,0.07069049030542374,194.86885420251932,560.4522566816541,93.03048077824704,0.852076802507837,1641.6786086131142,649.6493951448306,3134.4163326634134,0.0759227118895719,0.13929830491542816,0.07904750853776932,129.19921875,0.244,0.167,2.104,0.15762779116630554,0.1130479946732521,0.062107477337121964,0.08221264183521271,0.06727553904056549,0.08349987119436264,0.04988705739378929,0.10025542229413986,0.08464852720499039,0.0510856918990612,0.07069049030542374,0.07766138762235641,0.8183113635420305,-186.93966674804688,84.52030181884766,108.15742492675781,37.15826416015625,-8.355079650878906,22.775596618652344,21.90032958984375,20.862159729003906,-4.901660442352295,29.3250675201416,10.7175874710083,11.912803649902344,-2.5936779975891113,12.66880989074707,-6.12671422958374,11.223234176635742,-8.417792320251465,10.209600448608398,-7.490644454956055,10.395587921142578,-5.560940265655518,10.15851879119873,2.5799734592437744,10.13397216796875,-4.088339805603027,10.694348335266113
087_Cobitos_MalaguenasGranainas.mp3,malaguenasgraninas,other,11,B,0.0962567925453186,0.07784038782119751,234.43211035826653,511.8331746273277,81.95746364153948,0.8065366367949394,1392.596298415359,547.9721681408663,2734.7267291642643,0.05308456300243806,0.10450663417577744,0.06788738071918488,112.34714673913044,0.231,0.185,2.048,0.1362663060426712,0.0962567925453186,0.06693276762962341,0.0707140564918518,0.06211061030626297,0.07148244976997375,0.06684453040361404,0.10716834664344788,0.09304248541593552,0.06466183066368103,0.07784038782119751,0.08667951077222824,0.8783347100646081,-227.93341064453125,90.90039825439453,117.71680450439453,32.308223724365234,-8.023439407348633,29.445926666259766,28.84083366394043,24.77186393737793,-0.6986681818962097,20.240144729614258,9.431991577148438,10.759678840637207,-7.7910075187683105,17.119142532348633,-4.948609352111816,10.20080280303955,-12.645047187805176,10.8457670211792,-4.518547058105469,9.18163013458252,-10.052421569824219,11.665426254272461,-9.232358932495117,9.909889221191406,-5.3875412940979,7.905147552490234
088_JacintoAlmaden_MalaguenasGranainas.mp3,malaguenasgraninas,other,7,G,0.12385845184326172,0.0903368815779686,286.9574553484241,755.6626412272407,125.12105199189688,0.8293577981651377,1859.244596373921,740.0776394904335,3535.797390159117,0.08416239607224771,0.14648009836673737,0.08909615874290466,129.19921875,0.0,0.091,2.006,0.12836720049381256,0.12385845184326172,0.05652942880988121,0.06338424235582352,0.05219719931483269,0.08764820545911789,0.0700666531920433,0.07208441197872162,0.09724082052707672,0.07773426920175552,0.0903368815779686,0.08055228739976883,0.8235043502107429,-186.8154754638672,93.43708801269531,87.5821762084961,45.561767578125,-18.24875259399414,25.012521743774414,21.699743270874023,20.63860511779785,-0.972057580947876,25.678112030029297,9.251365661621094,11.232705116271973,-6.587491989135742,13.972567558288574,-7.838386058807373,10.407370567321777,-10.574542045593262,10.175276756286621,-4.185903549194336,13.113754272460938,-7.882430553436279,11.96379280090332,0.5879525542259216,10.81846809387207,-6.386228561401367,12.514410972595215
089_JoseVidal_MalaguenasGranainas.mp3,malaguenasgraninas,other,8,G#,0.05353599414229393,0.0665738508105278,270.8517709358815,406.1739321908193,125.21910277781966,0.8626545508714435,1532.0836213943996,553.9320633399332,2955.670299669252,0.07396213503649635,0.19136524200439453,0.0919768363237381,117.45383522727273,0.125,0.0,1.87,0.13617610931396484,0.05353599414229393,0.060122404247522354,0.05818996578454971,0.11746573448181152,0.08323181420564651,0.05211541801691055,0.08531088382005692,0.05625618249177933,0.09800116717815399,0.0665738508105278,0.13302050530910492,2.018659624525856,-158.0211944580078,91.1316146850586,115.85834503173828,35.757904052734375,-20.336441040039062,24.49007225036621,21.53531837463379,17.226165771484375,-14.091108322143555,23.460731506347656,12.018948554992676,13.59320068359375,6.9746317863464355,10.552905082702637,3.7149810791015625,10.020895004272461,-7.79863166809082,9.84876537322998,-1.9668463468551636,9.994976043701172,-4.313363552093506,10.426843643188477,-10.045001029968262,9.090471267700195,-3.228278398513794,9.530803680419922
090_AntonioDeCanillas_MalaguenasGranainas.mp3,malaguenasgraninas,other,3,D#,0.08502715826034546,0.06304201483726501,290.2917403700367,804.4859465853989,147.24650247465468,0.7014596529881575,1924.7266989722432,612.164273325504,3911.499527721358,0.08614560113863261,0.04178836569190025,0.033646080642938614,117.45383522727273,0.259,0.074,2.1,0.11787775158882141,0.08502715826034546,0.0774240642786026,0.056733183562755585,0.11776631325483322,0.10074521601200104,0.05843738839030266,0.07638729363679886,0.06532749533653259,0.0883101224899292,0.06304201483726501,0.09292195737361908,2.075792435031707,-293.4464111328125,96.45299530029297,98.40824890136719,30.3286190032959,-7.084748268127441,22.962007522583008,9.74105453491211,15.688010215759277,1.3586781024932861,18.315340042114258,6.063930988311768,15.176273345947266,3.4412853717803955,11.550765037536621,8.534331321716309,10.54486083984375,-15.08187198638916,12.07579231262207,3.267505168914795,11.567301750183105,-3.1174514293670654,10.262801170349121,-5.011308670043945,8.271568298339844,-10.201675415039062,9.832024574279785
090_PepeDeLaMatrona_Tonas.mp3,tonas,other,10,A#,0.09282545745372772,0.07903481274843216,283.6614678567074,922.3602111870985,119.96546449408788,0.704282251548613,1986.3072895191608,630.5366806333765,3415.808010127003,0.10934672624057366,0.0640542283654213,0.06420667469501495,95.703125,0.091,0.182,1.913,0.0952400267124176,0.09282545745372772,0.0932389423251152,0.08813026547431946,0.08083929866552353,0.0792863517999649,0.08768923580646515,0.06953851133584976,0.061504218727350235,0.08879243582487106,0.07903481274843216,0.0838804543018341,0.9172705679535202,-317.96966552734375,122.26396942138672,58.54787063598633,36.32651901245117,-53.6229133605957,49.61906433105469,12.122662544250488,23.166278839111328,-1.0292598009109497,34.37228775024414,-14.60539722442627,16.495777130126953,-10.430619239807129,16.701501846313477,-2.654909610748291,12.405200958251953,-11.881752014160156,14.213529586791992,-0.294952392578125,16.2569637298584,-3.5660908222198486,13.658834457397461,-0.15820753574371338,10.41855239868164,3.2368125915527344,11.211779594421387
092_AntonioMairenaTonas.mp3,tonas,other,7,G,0.09441383928060532,0.06399865448474884,297.0769881570017,727.6940157723809,130.6018600282317,0.8921348314606742,2365.323252557784,698.1640625901534,4791.6022318293535,0.09905668451544944,0.08068782836198807,0.05999261885881424,143.5546875,0.158,0.1,1.963,0.15602241456508636,0.09441383928060532,0.06039701774716377,0.057361166924238205,0.091591976583004,0.09468554705381393,0.06772875040769577,0.06808840483427048,0.09015907347202301,0.07760994881391525,0.06399865448474884,0.07794318348169327,1.5967592971735973,-253.33477783203125,108.46588897705078,50.273433685302734,35.76652908325195,-25.84016227722168,30.70381736755371,8.582226753234863,22.408794403076172,-2.6172537803649902,24.016613006591797,9.20981502532959,13.234872817993164,-3.8329432010650635,20.286224365234375,-0.6174800395965576,13.119389533996582,-1.236066222190857,12.041803359985352,5.945270538330078,12.992051124572754,4.59867000579834,11.102066040039062,6.729926109313965,13.369736671447754,-1.8859083652496338,11.597211837768555
093_Gabriel Moreno_Tonas.mp3,tonas,other,0,C,0.07175131887197495,0.06321041285991669,305.78200836531414,352.30414189307874,64.50247754149883,0.8342776203966006,1794.5822581175482,555.4144276874064,3396.0392852005134,0.08479310522898961,0.04608463495969772,0.038872815668582916,117.45383522727273,0.0,0.0,1.55,0.11275659501552582,0.07175131887197495,0.07653460651636124,0.10350331664085388,0.08498895168304443,0.07432569563388824,0.08689257502555847,0.1066356673836708,0.06920399516820908,0.050205715000629425,0.06321041285991669,0.09999114274978638,0.8211229788698228,-346.41436767578125,109.73107147216797,70.12718200683594,31.196195602416992,-39.888427734375,39.87004852294922,-2.067789077758789,17.705434799194336,-29.538822174072266,30.523696899414062,-12.45757007598877,13.120080947875977,-1.0974936485290527,16.93925666809082,-11.047771453857422,12.187573432922363,-7.623264312744141,10.91818618774414,7.154725551605225,11.165228843688965,1.967826008796692,11.110325813293457,-0.1881084442138672,10.155952453613281,5.982215404510498,8.157519340515137
094_RamonMedrano_Tonas.mp3,tonas,other,5,F,0.07408911734819412,0.08446221798658371,231.73942791006385,645.2588754588874,90.27504620511033,0.8566385565797215,2067.554727754667,644.9577165246226,4627.373019104542,0.06415780054912729,0.05497358366847038,0.06084654852747917,103.359375,0.062,0.062,2.085,0.09767050296068192,0.07408911734819412,0.08107083290815353,0.07976467162370682,0.08670280128717422,0.0775592029094696,0.06558637320995331,0.08123787492513657,0.08877336978912354,0.09292369335889816,0.08446221798658371,0.09015930444002151,1.0869824888918032,-326.39154052734375,106.68301391601562,59.552101135253906,29.756759643554688,8.05142879486084,33.46935272216797,13.828309059143066,23.665748596191406,-5.243964195251465,28.7318172454834,-6.7232666015625,17.12505340576172,-7.307436943054199,15.080340385437012,4.330992221832275,13.90168285369873,-5.195650100708008,14.358650207519531,-2.4016618728637695,12.981066703796387,7.2358598709106445,16.024456024169922,0.7644413113594055,11.932478904724121,8.750157356262207,10.458268165588379
095_ElBorrico_Tonas.mp3,tonas,other,2,D,0.09181896597146988,0.08651717007160187,285.30470202322215,732.2883996915874,178.85410004307892,0.7787218976810055,2308.9268327951168,1044.7451136272734,4426.817168622212,0.10638800492896973,0.043153807520866394,0.04314444959163666,73.828125,0.154,0.077,1.986,0.09975526481866837,0.09181896597146988,0.06483089923858643,0.0690101683139801,0.08043517917394638,0.09247136116027832,0.07927360385656357,0.0779256671667099,0.08117920905351639,0.0842391699552536,0.08651717007160187,0.09254336357116699,1.1655554701444164,-318.1178894042969,104.6567611694336,59.25086212158203,37.349082946777344,-28.248046875,31.24002456665039,4.761979579925537,20.63846206665039,-11.510135650634766,28.574539184570312,-4.978744029998779,15.125847816467285,-1.401699423789978,14.432376861572266,-3.9748666286468506,14.048317909240723,-8.97695541381836,15.958585739135742,4.085212230682373,12.360891342163086,4.192421913146973,16.130529403686523,7.967841148376465,13.464630126953125,2.366081476211548,10.554534912109375
096_AntonioMairena_Tonas.mp3,tonas,other,3,D#,0.11604607850313187,0.08683329820632935,297.9374628995063,856.2124367570019,107.33420930256878,0.8528916339135317,2631.759989578651,720.212230769301,5295.7412882509825,0.1173813320290567,0.048320963978767395,0.036240044981241226,143.5546875,0.188,0.188,1.923,0.11706240475177765,0.11604607850313187,0.06332054734230042,0.05027608200907707,0.11005739122629166,0.061414685100317,0.053421247750520706,0.05414605140686035,0.078131303191185,0.11191953718662262,0.08683329820632935,0.09737139940261841,2.18906061944965,-300.6317443847656,112.6245346069336,41.43309020996094,25.949068069458008,-25.480697631835938,27.37052345275879,4.88262939453125,26.181251525878906,-19.182788848876953,22.92445945739746,11.092103958129883,14.782496452331543,-4.009253978729248,16.713130950927734,-6.502109527587891,12.199661254882812,-0.158757746219635,11.162522315979004,4.032928943634033,12.492497444152832,2.7645602226257324,11.265464782714844,15.431501388549805,10.921371459960938,-14.078959465026855,11.329780578613281
097_DiegoClavel_Tonas.mp3,tonas,other,7,G,0.06284329295158386,0.07253578305244446,318.3992322368831,877.7542557067883,123.4693084019092,0.9033506370929684,2066.873149878135,472.4673793893416,3838.0449969951924,0.09578409811526664,0.14697545766830444,0.08013389259576797,172.265625,0.207,0.017,2.151,0.1459808051586151,0.06284329295158386,0.05426632612943649,0.058737531304359436,0.08629156649112701,0.06379148364067078,0.061526425182819366,0.07916150987148285,0.11049333959817886,0.12088671326637268,0.07253578305244446,0.08348523825407028,1.469104413734912,-213.11849975585938,94.97347259521484,66.32707977294922,25.690872192382812,-44.62074661254883,46.71357727050781,23.188980102539062,17.333227157592773,-32.77705764770508,28.83980941772461,-9.822967529296875,18.16284942626953,7.84266996383667,13.539928436279297,-0.3051287531852722,16.175281524658203,-9.857150077819824,13.149263381958008,17.466785430908203,12.807626724243164,2.7083580493927,11.622943878173828,5.9252495765686035,10.24626350402832,1.9142768383026123,14.037469863891602
098_ManuelAgujetas_Tonas.mp3,tonas,other,7,G,0.06411527097225189,0.10356473922729492,309.33502415691686,789.5417168900235,140.13779445166423,0.8410732714138287,2293.618824037674,504.45266496258455,4690.9410789655085,0.10073030548568111,0.10923570394515991,0.09747542440891266,172.265625,0.302,0.0,2.026,0.12369363754987717,0.06411527097225189,0.050232816487550735,0.052503474056720734,0.058292537927627563,0.10283682495355606,0.1043732687830925,0.07953467220067978,0.08168796449899673,0.11024400591850281,0.10356473922729492,0.06892074644565582,1.1102605870356839,-239.51722717285156,121.55669403076172,75.23138427734375,23.973541259765625,-30.532306671142578,42.68037033081055,10.301458358764648,23.29094886779785,-24.21809196472168,29.11277198791504,0.50349360704422,13.911316871643066,-2.721750259399414,15.955836296081543,-10.120858192443848,14.555289268493652,3.567200183868408,10.432847023010254,2.2164034843444824,13.304756164550781,0.35460755228996277,12.273894309997559,12.58986759185791,10.637925148010254,2.1794822216033936,11.435035705566406
099_JoseMenese_Tonas.mp3,tonas,other,2,D,0.10300583392381668,0.07750284671783447,291.9733833144849,765.2030038347405,151.82867627647212,0.9060596595345931,1752.1994166839117,672.5635110082163,3180.1098998851858,0.07561118658978214,0.15525418519973755,0.09395571798086166,143.5546875,0.103,0.155,2.249,0.1127498671412468,0.10300583392381668,0.061302945017814636,0.07777047902345657,0.06615374982357025,0.08160407841205597,0.06124226748943329,0.07333572208881378,0.11163841187953949,0.08063047379255295,0.07750284671783447,0.09306330978870392,0.8506280359108683,-230.44802856445312,84.82015991210938,98.27383422851562,27.177021026611328,-23.932575225830078,35.60531997680664,-14.4451322555542,21.334442138671875,-10.374523162841797,29.23836898803711,-17.95331573486328,14.387763977050781,2.1720597743988037,15.806108474731445,-7.195019245147705,13.287189483642578,-12.324874877929688,12.134991645812988,6.642468452453613,12.72392463684082,-2.589552640914917,11.736296653747559,7.170820713043213,11.702219009399414,4.465485095977783,12.209394454956055
100_ManoloZapata_Tonas.mp3,tonas,other,9,A,0.12458774447441101,0.093256875872612,221.27444703492776,224.88534904488702,48.57165984493565,0.8976306196840826,1860.0104785838225,531.3278971300663,3308.855963854135,0.10798505966167983,0.12067708373069763,0.06834005564451218,143.5546875,0.467,0.2,1.523,0.15703615546226501,0.12458774447441101,0.07450099289417267,0.06454385817050934,0.06927694380283356,0.05758103355765343,0.058463774621486664,0.07759608328342438,0.06082526966929436,0.049144282937049866,0.093256875872612,0.11318700015544891,1.0733313093837766,-206.33877563476562,67.11536407470703,100.682373046875,30.19933319091797,-49.765777587890625,30.984973907470703,24.123743057250977,27.1170597076416,0.9903783798217773,18.118148803710938,-13.788777351379395,16.99950408935547,-5.0753912925720215,15.29857063293457,5.370824337005615,16.58391571044922,-3.836756944656372,14.34354305267334,-1.8315632343292236,14.89317798614502,-14.757245063781738,12.729081153869629,12.01962661743164,10.999444007873535,-0.2139752209186554,9.75090217590332
